COD_ZONA_2007,COD_ZONA,NOME_ZONA,COD_MUNICIPIO,NOME_MUNICIPIO,COD_DISTRITO,NOME_DISTRITO,SUB_REGIAO,NOME_AREA_SP_CAPITAL
1,1,Sé,36,São Paulo,80,Sé,Central,Central
2,2,Parque Dom Pedro,36,São Paulo,80,Sé,Central,Central
3,3,Praça João Mendes,36,São Paulo,80,Sé,Central,Central
4,4,Ladeira da Memória,36,São Paulo,67,República,Central,Central
5,5,República,36,São Paulo,67,República,Central,Central
6,6,Santa Ifigênia,36,São Paulo,67,República,Central,Central
7,7,Luz,36,São Paulo,9,Bom Retiro,Central,Central
8,8,Bom Retiro,36,São Paulo,9,Bom Retiro,Central,Central
9,9,Ponte Pequena,36,São Paulo,9,Bom Retiro,Central,Central
10,10,Canindé,36,São Paulo,57,Pari,Central,Central
11,11,Bom Jardim,36,São Paulo,57,Pari,Central,Central
12,12,Pari,36,São Paulo,57,Pari,Central,Central
13,13,João Teodoro,36,São Paulo,10,Brás,Central,Central
14,14,Oriente,36,São Paulo,10,Brás,Central,Central
15,15,Bresser,36,São Paulo,10,Brás,Central,Central
16,16,Brás,36,São Paulo,10,Brás,Central,Central
17,17,Gasômetro,36,São Paulo,10,Brás,Central,Central
18,18,Independência,36,São Paulo,14,Cambuci,Central,Central
19,19,Cambuci,36,São Paulo,14,Cambuci,Central,Central
20,20,Glicério,36,São Paulo,49,Liberdade,Central,Central
21,21,Aclimação,36,São Paulo,49,Liberdade,Central,Central
22,22,Pires da Mota,36,São Paulo,49,Liberdade,Central,Central
23,23,Centro Cultural,36,São Paulo,49,Liberdade,Central,Central
24,24,Liberdade,36,São Paulo,49,Liberdade,Central,Central
25,25,Treze de Maio,36,São Paulo,7,Bela Vista,Central,Central
26,26,Bexiga,36,São Paulo,7,Bela Vista,Central,Central
27,27,Bela Vista,36,São Paulo,7,Bela Vista,Central,Central
28,28,São Carlos do Pinhal,36,São Paulo,7,Bela Vista,Central,Central
29,29,Masp,36,São Paulo,7,Bela Vista,Central,Central
30,30,Higienópolis,36,São Paulo,26,Consolação,Central,Central
31,31,Vila Buarque,36,São Paulo,26,Consolação,Central,Central
32,32,Consolação,36,São Paulo,26,Consolação,Central,Central
33,33,Pacaembu,36,São Paulo,26,Consolação,Central,Central
34,34,FAAP,36,São Paulo,26,Consolação,Central,Central
35,35,Santa Cecília,36,São Paulo,70,Santa Cecília,Central,Central
36,36,Marechal Deodoro,36,São Paulo,70,Santa Cecília,Central,Central
37,37,Rudge,36,São Paulo,70,Santa Cecília,Central,Central
38,38,Catumbi,36,São Paulo,8,Belém,Central,Central
39,39,Belém,36,São Paulo,8,Belém,Central,Central
40,40,Quarta Parada,36,São Paulo,8,Belém,Central,Central
41,41,Belenzinho,36,São Paulo,8,Belém,Central,Central
42,42,Celso Garcia,36,São Paulo,8,Belém,Central,Central
43,43,Mooca,36,São Paulo,54,Mooca,Central,Central
44,44,Alto da Mooca,36,São Paulo,54,Mooca,Central,Central
45,45,Parque da Mooca,36,São Paulo,54,Mooca,Central,Central
46,46,Água Rasa,36,São Paulo,1,Água Rasa,Central,Central
47,47,Vila Bertioga,36,São Paulo,1,Água Rasa,Central,Central
48,48,Regente Feijó,36,São Paulo,1,Água Rasa,Central,Central
49,49,Ana Rosa,36,São Paulo,92,Vila Mariana,Central,Central
50,50,Jardim da Glória,36,São Paulo,92,Vila Mariana,Central,Central
51,51,Chácara Klabin,36,São Paulo,92,Vila Mariana,Central,Central
52,52,Vila Mariana,36,São Paulo,92,Vila Mariana,Central,Central
53,53,Santa Cruz,36,São Paulo,92,Vila Mariana,Central,Central
54,54,Vila Clementino,36,São Paulo,92,Vila Mariana,Central,Central
55,55,França Pinto,36,São Paulo,92,Vila Mariana,Central,Central
56,56,Rodrigues Alves,36,São Paulo,92,Vila Mariana,Central,Central
57,57,Paraíso,36,São Paulo,92,Vila Mariana,Central,Central
58,58,Bosque da Saúde,36,São Paulo,79,Saúde,Central,Central
59,59,Saúde,36,São Paulo,79,Saúde,Central,Central
60,60,Planalto Paulista,36,São Paulo,79,Saúde,Central,Central
61,61,Mirandópolis,36,São Paulo,79,Saúde,Central,Central
62,62,Parque Ibirapuera,36,São Paulo,53,Moema,Central,Central
63,63,Jardim Luzitânia,36,São Paulo,53,Moema,Central,Central
64,64,Moema,36,São Paulo,53,Moema,Central,Central
64,65,Vila Helena,36,São Paulo,53,Moema,Central,Central
65,66,Bandeirantes,36,São Paulo,53,Moema,Central,Central
66,67,Vila Nova Conceição,36,São Paulo,53,Moema,Central,Central
67,68,Chácara Itaim,36,São Paulo,34,Itaim Bibi,Central,Central
68,69,Vila Olímpia,36,São Paulo,34,Itaim Bibi,Central,Central
69,70,Hélio Pelegrino,36,São Paulo,34,Itaim Bibi,Central,Central
70,71,Brooklin,36,São Paulo,34,Itaim Bibi,Central,Central
71,72,Vila Cordeiro,36,São Paulo,34,Itaim Bibi,Central,Central
72,73,Berrini,36,São Paulo,34,Itaim Bibi,Central,Central
73,74,Campinas,36,São Paulo,44,Jardim Paulista,Central,Central
74,75,Pamplona,36,São Paulo,44,Jardim Paulista,Central,Central
75,76,Jardins,36,São Paulo,44,Jardim Paulista,Central,Central
76,77,Clínicas,36,São Paulo,44,Jardim Paulista,Central,Central
77,78,Oscar Freire,36,São Paulo,44,Jardim Paulista,Central,Central
78,79,Trianon,36,São Paulo,44,Jardim Paulista,Central,Central
79,80,Jardim Paulistano,36,São Paulo,63,Pinheiros,Central,Central
80,81,Jardim Europa,36,São Paulo,63,Pinheiros,Central,Central
81,82,Pinheiros,36,São Paulo,63,Pinheiros,Central,Central
82,83,Vila Madalena,36,São Paulo,63,Pinheiros,Central,Central
83,84,PUC,36,São Paulo,61,Perdizes,Central,Central
84,85,Cardoso de Almeida,36,São Paulo,61,Perdizes,Central,Central
85,86,Zequinha de Abreu,36,São Paulo,61,Perdizes,Central,Central
86,87,Sumaré,36,São Paulo,61,Perdizes,Central,Central
87,88,Perdizes,36,São Paulo,61,Perdizes,Central,Central
88,89,Vila Anglo Brasileira,36,São Paulo,61,Perdizes,Central,Central
89,90,Pompéia,36,São Paulo,61,Perdizes,Central,Central
90,91,Santa Marina,36,São Paulo,6,Barra Funda,Central,Central
91,92,Barra Funda,36,São Paulo,6,Barra Funda,Central,Central
92,93,Francisco Matarazzo,36,São Paulo,6,Barra Funda,Central,Central
93,94,Água Branca,36,São Paulo,6,Barra Funda,Central,Central
94,95,Vila Beatriz,36,São Paulo,2,Alto de Pinheiros,Central,Central
95,96,Alto de Pinheiros,36,São Paulo,2,Alto de Pinheiros,Central,Central
96,97,Boaçava,36,São Paulo,2,Alto de Pinheiros,Central,Central
97,98,Vila Anastácio,36,São Paulo,48,Lapa,Central,Central
98,99,Lapa de Baixo,36,São Paulo,48,Lapa,Central,Central
99,100,Lapa,36,São Paulo,48,Lapa,Central,Central
100,101,Vila Ipojuca,36,São Paulo,48,Lapa,Central,Central
101,102,Alto da Lapa,36,São Paulo,48,Lapa,Central,Central
102,103,Gavião Peixoto,36,São Paulo,48,Lapa,Central,Central
103,104,Bela Aliança,36,São Paulo,90,Vila Leopoldina,Central,Central
104,105,Vila Hamburguesa,36,São Paulo,90,Vila Leopoldina,Central,Central
105,106,CEASA,36,São Paulo,90,Vila Leopoldina,Central,Central
106,107,Vila Leopoldina,36,São Paulo,90,Vila Leopoldina,Central,Central
107,108,Emissário,36,São Paulo,90,Vila Leopoldina,Central,Central
108,109,Vila Zatt,36,São Paulo,64,Pirituba,Central,Noroeste
109,110,Pirituba,36,São Paulo,64,Pirituba,Central,Noroeste
110,111,São Domingos,36,São Paulo,73,São Domingos,Central,Noroeste
111,112,Jardim Mutinga,36,São Paulo,73,São Domingos,Central,Noroeste
112,113,Vila Jaguara,36,São Paulo,39,Jaguara,Central,Noroeste
113,114,Parque do Jaraguá,36,São Paulo,41,Jaraguá,Central,Noroeste
114,115,Nova Jaraguá,36,São Paulo,41,Jaraguá,Central,Noroeste
115,116,Parada de Taipas,36,São Paulo,41,Jaraguá,Central,Noroeste
116,117,Parque Morro Doce,36,São Paulo,3,Anhanguera,Central,Noroeste
117,118,Anhanguera,36,São Paulo,3,Anhanguera,Central,Noroeste
118,119,Perus,36,São Paulo,62,Perus,Central,Noroeste
119,120,Vista Alegre,36,São Paulo,11,Brasilândia,Central,Noroeste
120,121,Jardim Damasceno,36,São Paulo,11,Brasilândia,Central,Noroeste
121,122,Vila Souza,36,São Paulo,11,Brasilândia,Central,Noroeste
121,123,Vila Terezinha,36,São Paulo,11,Brasilândia,Central,Noroeste
122,124,Brasilândia,36,São Paulo,11,Brasilândia,Central,Noroeste
123,125,Vila Morro Grande,36,São Paulo,29,Freguesia do Ó,Central,Noroeste
124,126,Itaberaba,36,São Paulo,29,Freguesia do Ó,Central,Noroeste
125,127,Freguesia do Ó,36,São Paulo,29,Freguesia do Ó,Central,Noroeste
126,128,Carandiru,36,São Paulo,71,Santana,Central,Norte
127,129,Santana,36,São Paulo,71,Santana,Central,Norte
128,130,Zaki Narchi,36,São Paulo,71,Santana,Central,Norte
129,131,Tietê,36,São Paulo,71,Santana,Central,Norte
130,132,Parque Anhembi,36,São Paulo,71,Santana,Central,Norte
131,133,Alfredo Pujol,36,São Paulo,71,Santana,Central,Norte
132,134,Santa Terezinha,36,São Paulo,71,Santana,Central,Norte
133,135,Jardim São Paulo,36,São Paulo,71,Santana,Central,Norte
134,136,Casa Verde,36,São Paulo,21,Casa Verde,Central,Norte
135,137,Parque Peruche,36,São Paulo,21,Casa Verde,Central,Norte
136,138,Limão,36,São Paulo,50,Limão,Central,Norte
137,139,Jardim Primavera,36,São Paulo,50,Limão,Central,Norte
137,140,Vila Santa Maria,36,São Paulo,50,Limão,Central,Norte
138,141,Cachoeirinha,36,São Paulo,13,Cachoeirinha,Central,Norte
139,142,Jardim Peri,36,São Paulo,13,Cachoeirinha,Central,Norte
140,143,Reserva da Cantareira,36,São Paulo,13,Cachoeirinha,Central,Norte
141,144,Mandaqui,36,São Paulo,51,Mandaqui,Central,Norte
142,145,Horto Florestal,36,São Paulo,51,Mandaqui,Central,Norte
143,146,ETA Guaraú,36,São Paulo,51,Mandaqui,Central,Norte
144,147,Parque Palmas do Tremembé,36,São Paulo,83,Tremembé,Central,Norte
145,148,Tremembé,36,São Paulo,83,Tremembé,Central,Norte
146,149,Cantareira,36,São Paulo,83,Tremembé,Central,Norte
147,150,Jardim das Pedras,36,São Paulo,83,Tremembé,Central,Norte
148,151,Jardim Guapira,36,São Paulo,83,Tremembé,Central,Norte
149,152,Parada Inglesa,36,São Paulo,84,Tucuruvi,Central,Norte
150,153,Tucuruvi,36,São Paulo,84,Tucuruvi,Central,Norte
151,154,Vila Gustavo,36,São Paulo,84,Tucuruvi,Central,Norte
152,155,Cohab Jova Real,36,São Paulo,38,Jaçanã,Central,Norte
153,156,Jaçanã,36,São Paulo,38,Jaçanã,Central,Norte
154,157,Parque Edu Chaves,36,São Paulo,38,Jaçanã,Central,Norte
155,158,Vila Medeiros,36,São Paulo,94,Vila Medeiros,Central,Norte
156,159,Jardim Brasil,36,São Paulo,94,Vila Medeiros,Central,Norte
157,160,Jardim Japão,36,São Paulo,91,Vila Maria,Central,Norte
158,161,Parque Novo Mundo,36,São Paulo,91,Vila Maria,Central,Norte
159,162,Vila Maria,36,São Paulo,91,Vila Maria,Central,Norte
160,163,Vila Isolina Mazzei,36,São Paulo,88,Vila Guilherme,Central,Norte
161,164,Vila Guilherme,36,São Paulo,88,Vila Guilherme,Central,Norte
162,165,Coroa,36,São Paulo,88,Vila Guilherme,Central,Norte
163,166,Gomes Cardim,36,São Paulo,82,Tatuapé,Central,Nordeste
164,167,Tatuapé,36,São Paulo,82,Tatuapé,Central,Nordeste
165,168,Chácara do Piqueri,36,São Paulo,82,Tatuapé,Central,Nordeste
166,169,Parque São Jorge,36,São Paulo,82,Tatuapé,Central,Nordeste
167,170,Penha,36,São Paulo,60,Penha,Central,Nordeste
168,171,Tiquatira,36,São Paulo,60,Penha,Central,Nordeste
169,172,Vila Esperança,36,São Paulo,60,Penha,Central,Nordeste
169,173,Vila Ré,36,São Paulo,60,Penha,Central,Nordeste
170,174,Rui Barbosa,36,São Paulo,18,Cangaíba,Central,Nordeste
170,175,Estação Eng. Goulart,36,São Paulo,18,Cangaíba,Central,Nordeste
171,176,Cangaíba,36,São Paulo,18,Cangaíba,Central,Nordeste
172,177,Parque Ecológico do Tietê,36,São Paulo,18,Cangaíba,Central,Nordeste
173,178,USP Leste I,36,São Paulo,18,Cangaíba,Central,Nordeste
174,179,USP Leste II,36,São Paulo,28,Ermelino Matarazzo,Central,Nordeste
175,180,Ermelino Matarazzo,36,São Paulo,28,Ermelino Matarazzo,Central,Nordeste
176,181,Parque Buturussu,36,São Paulo,28,Ermelino Matarazzo,Central,Nordeste
177,182,Ponte Rasa,36,São Paulo,65,Ponte Rasa,Central,Nordeste
178,183,Burgo Paulista,36,São Paulo,65,Ponte Rasa,Central,Nordeste
179,184,Limoeiro,36,São Paulo,89,Vila Jacuí,Central,Nordeste
179,185,Laranja da China,36,São Paulo,89,Vila Jacuí,Central,Nordeste
179,186,Pedro José Nunes,36,São Paulo,89,Vila Jacuí,Central,Nordeste
179,187,Parque Cruzeiro do Sul,36,São Paulo,89,Vila Jacuí,Central,Nordeste
180,188,Vila Jacuí,36,São Paulo,89,Vila Jacuí,Central,Nordeste
181,189,Parada XV,36,São Paulo,36,Itaquera,Central,Nordeste
182,190,Itaquera,36,São Paulo,36,Itaquera,Central,Nordeste
182,191,Arena Corinthians,36,São Paulo,36,Itaquera,Central,Nordeste
183,192,Vila Campanela,36,São Paulo,36,Itaquera,Central,Nordeste
183,193,Araucárias,36,São Paulo,36,Itaquera,Central,Nordeste
183,194,Parque Guarani,36,São Paulo,36,Itaquera,Central,Nordeste
184,195,Rio Verde,36,São Paulo,36,Itaquera,Central,Nordeste
185,196,Saudade,36,São Paulo,76,São Miguel,Central,Nordeste
186,197,São Miguel Paulista,36,São Paulo,76,São Miguel,Central,Nordeste
187,198,Cidade Nitro-Operária,36,São Paulo,76,São Miguel,Central,Nordeste
188,199,Jardim Helena,36,São Paulo,43,Jardim Helena,Central,Nordeste
189,200,Jardim Romano,36,São Paulo,43,Jardim Helena,Central,Nordeste
190,201,Vila Curuçá,36,São Paulo,86,Vila Curuçá,Central,Nordeste
191,202,Jardim Robru,36,São Paulo,86,Vila Curuçá,Central,Nordeste
192,203,Lageado,36,São Paulo,47,Lajeado,Central,Nordeste
193,204,Fábrica Bandeirantes,36,São Paulo,47,Lajeado,Central,Nordeste
194,205,Fazenda Itaim,36,São Paulo,35,Itaim Paulista,Central,Nordeste
195,206,Itaim Paulista,36,São Paulo,35,Itaim Paulista,Central,Nordeste
196,207,Jardim das Oliveiras,36,São Paulo,35,Itaim Paulista,Central,Nordeste
197,208,Vila Califórnia,36,São Paulo,20,Carrão,Central,Leste
198,209,Vila Carrão,36,São Paulo,20,Carrão,Central,Leste
199,210,Jardim Anália Franco,36,São Paulo,87,Vila Formosa,Central,Leste
200,211,Vila Formosa,36,São Paulo,87,Vila Formosa,Central,Leste
201,212,Barreira Grande,36,São Paulo,4,Aricanduva,Central,Leste
202,213,Aricanduva,36,São Paulo,4,Aricanduva,Central,Leste
203,214,Frei Mont'Alverne,36,São Paulo,93,Vila Matilde,Central,Leste
203,215,Vila Matilde,36,São Paulo,93,Vila Matilde,Central,Leste
204,216,Cidade Patriarca,36,São Paulo,93,Vila Matilde,Central,Leste
205,217,Cidade A.E.Carvalho,36,São Paulo,5,Artur Alvim,Central,Leste
206,218,Artur Alvim,36,São Paulo,5,Artur Alvim,Central,Leste
207,219,Cidade Líder,36,São Paulo,24,Cidade Líder,Central,Leste
208,220,Santa Marcelina,36,São Paulo,24,Cidade Líder,Central,Leste
209,221,Parque Savoy,36,São Paulo,24,Cidade Líder,Central,Leste
210,222,Vila Carmosina,36,São Paulo,58,Parque do Carmo,Central,Leste
211,223,Fazenda Caguaçu,36,São Paulo,58,Parque do Carmo,Central,Leste
212,224,Parque do Carmo,36,São Paulo,58,Parque do Carmo,Central,Leste
213,225,Gleba do Pêssego,36,São Paulo,46,José Bonifácio,Central,Leste
214,226,José Bonifácio,36,São Paulo,46,José Bonifácio,Central,Leste
215,227,Guaianases,36,São Paulo,31,Guaianases,Central,Leste
216,228,Juscelino Kubitschek,36,São Paulo,31,Guaianases,Central,Leste
217,229,Cidade Tiradentes,36,São Paulo,25,Cidade Tiradentes,Central,Leste
217,230,Santa Etelvina,36,São Paulo,25,Cidade Tiradentes,Central,Leste
218,231,Terceira Divisão,36,São Paulo,32,Iguatemi,Central,Leste
219,232,Iguatemi,36,São Paulo,32,Iguatemi,Central,Leste
219,233,Sítio Carrãozinho,36,São Paulo,32,Iguatemi,Central,Leste
220,234,Parque São Rafael,36,São Paulo,77,São Rafael,Central,Leste
221,235,Rodolfo Pirani,36,São Paulo,77,São Rafael,Central,Leste
222,236,Ipiranga,36,São Paulo,33,Ipiranga,Central,Sudeste
223,237,Sacomã,36,São Paulo,33,Ipiranga,Central,Sudeste
224,238,Alto do Ipiranga,36,São Paulo,33,Ipiranga,Central,Sudeste
225,239,Vila São José,36,São Paulo,33,Ipiranga,Central,Sudeste
226,240,Vila Monumento,36,São Paulo,33,Ipiranga,Central,Sudeste
227,241,Vila Independência,36,São Paulo,33,Ipiranga,Central,Sudeste
228,242,Vila Carioca,36,São Paulo,33,Ipiranga,Central,Sudeste
229,243,Moinho Velho,36,São Paulo,69,Sacomã,Central,Sudeste
230,244,Vila Heliópolis,36,São Paulo,69,Sacomã,Central,Sudeste
230,245,São João Clímaco,36,São Paulo,69,Sacomã,Central,Sudeste
231,246,Anchieta,36,São Paulo,69,Sacomã,Central,Sudeste
231,247,Vila das Mercês,36,São Paulo,69,Sacomã,Central,Sudeste
232,248,Parque do Estado,36,São Paulo,27,Cursino,Central,Sudeste
233,249,Água Funda,36,São Paulo,27,Cursino,Central,Sudeste
234,250,Jardim da Saúde,36,São Paulo,27,Cursino,Central,Sudeste
235,251,Vila Gumercindo,36,São Paulo,27,Cursino,Central,Sudeste
236,252,Jardim Previdência,36,São Paulo,27,Cursino,Central,Sudeste
237,253,Tamanduateí,36,São Paulo,95,Vila Prudente,Central,Sudeste
238,254,Orfanato,36,São Paulo,95,Vila Prudente,Central,Sudeste
239,255,Vila Zelina,36,São Paulo,95,Vila Prudente,Central,Sudeste
240,256,Linhas Corrente,36,São Paulo,74,São Lucas,Central,Sudeste
241,257,Vila Ema,36,São Paulo,74,São Lucas,Central,Sudeste
242,258,Parque São Lucas,36,São Paulo,74,São Lucas,Central,Sudeste
243,259,Vila Cardoso Franco,36,São Paulo,78,Sapopemba,Central,Sudeste
243,260,Parque Santa Madalena,36,São Paulo,78,Sapopemba,Central,Sudeste
244,261,Jardim Colorado,36,São Paulo,78,Sapopemba,Central,Sudeste
245,262,Teotônio Vilela,36,São Paulo,78,Sapopemba,Central,Sudeste
246,263,Fazenda da Juta,36,São Paulo,78,Sapopemba,Central,Sudeste
247,264,São Mateus,36,São Paulo,75,São Mateus,Central,Sudeste
248,265,Cidade IV Centenário,36,São Paulo,75,São Mateus,Central,Sudeste
249,266,Rio Claro,36,São Paulo,75,São Mateus,Central,Sudeste
250,267,Cidade Satélite,36,São Paulo,75,São Mateus,Central,Sudeste
251,268,Joaquim Nabuco,36,São Paulo,15,Campo Belo,Central,Sul
252,269,Vieira de Moraes,36,São Paulo,15,Campo Belo,Central,Sul
253,270,Campo Belo,36,São Paulo,15,Campo Belo,Central,Sul
254,271,Congonhas,36,São Paulo,15,Campo Belo,Central,Sul
255,272,Jardim Aeroporto,36,São Paulo,15,Campo Belo,Central,Sul
256,273,Vila Santa Catarina,36,São Paulo,37,Jabaquara,Central,Sul
257,274,Jabaquara,36,São Paulo,37,Jabaquara,Central,Sul
258,275,Cidade Vargas,36,São Paulo,37,Jabaquara,Central,Sul
259,276,Jardim Bom Clima,36,São Paulo,37,Jabaquara,Central,Sul
260,277,Cupecê,36,São Paulo,22,Cidade Ademar,Central,Sul
261,278,Jardim Miriam,36,São Paulo,22,Cidade Ademar,Central,Sul
262,279,Vila Missionária,36,São Paulo,22,Cidade Ademar,Central,Sul
263,280,Jurubatuba,36,São Paulo,16,Campo Grande,Central,Sul
264,281,Vila São Pedro,36,São Paulo,16,Campo Grande,Central,Sul
265,282,Campo Grande,36,São Paulo,16,Campo Grande,Central,Sul
266,283,Vila Sabará,36,São Paulo,16,Campo Grande,Central,Sul
267,284,Mar Paulista,36,São Paulo,59,Pedreira,Central,Sul
268,285,Pedreira,36,São Paulo,59,Pedreira,Central,Sul
269,286,Vila Socorro,36,São Paulo,81,Socorro,Central,Sul
270,287,Parque Interlagos,36,São Paulo,81,Socorro,Central,Sul
271,288,Jardim Represa,36,São Paulo,23,Cidade Dutra,Central,Sul
272,289,Rio Bonito,36,São Paulo,23,Cidade Dutra,Central,Sul
273,290,SESC Interlagos,36,São Paulo,23,Cidade Dutra,Central,Sul
274,291,Jardim Presidente,36,São Paulo,23,Cidade Dutra,Central,Sul
275,292,Vila Natal,36,São Paulo,30,Grajaú,Central,Sul
275,293,Grajaú,36,São Paulo,30,Grajaú,Central,Sul
276,294,Cocaia,36,São Paulo,30,Grajaú,Central,Sul
276,295,Belmira Marin,36,São Paulo,30,Grajaú,Central,Sul
277,296,Bororé,36,São Paulo,30,Grajaú,Central,Sul
278,297,Jaceguava,36,São Paulo,56,Parelheiros,Central,Sul
279,298,Parelheiros,36,São Paulo,56,Parelheiros,Central,Sul
280,299,Marsilac,36,São Paulo,52,Marsilac,Central,Sul
281,300,Granja Julieta,36,São Paulo,72,Santo Amaro,Central,Sudoeste
282,301,Chácara Flora,36,São Paulo,72,Santo Amaro,Central,Sudoeste
283,302,Santo Amaro,36,São Paulo,72,Santo Amaro,Central,Sudoeste
284,303,Vila Miranda,36,São Paulo,72,Santo Amaro,Central,Sudoeste
285,304,Jardim São Luís,36,São Paulo,45,Jardim São Luís,Central,Sudoeste
286,305,Centro Empresarial,36,São Paulo,45,Jardim São Luís,Central,Sudoeste
287,306,Guarapiranga,36,São Paulo,45,Jardim São Luís,Central,Sudoeste
288,307,Jardim Capela,36,São Paulo,42,Jardim Ângela,Central,Sudoeste
289,308,Riviera,36,São Paulo,42,Jardim Ângela,Central,Sudoeste
290,309,Jardim Turquesa,36,São Paulo,42,Jardim Ângela,Central,Sudoeste
290,310,Morro do Índio,36,São Paulo,42,Jardim Ângela,Central,Sudoeste
291,311,Jardim Ângela,36,São Paulo,42,Jardim Ângela,Central,Sudoeste
292,312,Capão Redondo,36,São Paulo,19,Capão Redondo,Central,Sudoeste
292,313,Jardim Sônia Ingá,36,São Paulo,19,Capão Redondo,Central,Sudoeste
293,314,Adventista,36,São Paulo,19,Capão Redondo,Central,Sudoeste
294,315,Parque Fernanda,36,São Paulo,19,Capão Redondo,Central,Sudoeste
295,316,Morumbi,36,São Paulo,55,Morumbi,Central,Oeste
296,317,Jóquei Clube,36,São Paulo,55,Morumbi,Central,Oeste
297,318,Fazenda Morumbi,36,São Paulo,55,Morumbi,Central,Oeste
298,319,Real Parque,36,São Paulo,55,Morumbi,Central,Oeste
299,320,Paraisópolis,36,São Paulo,85,Vila Andrade,Central,Oeste
300,321,Jardim Vitória Régia,36,São Paulo,85,Vila Andrade,Central,Oeste
301,322,Vila Suzana,36,São Paulo,85,Vila Andrade,Central,Oeste
302,323,Parque Arariba,36,São Paulo,17,Campo Limpo,Central,Oeste
303,324,Jardim Mitsutani,36,São Paulo,17,Campo Limpo,Central,Oeste
304,325,Pirajussara,36,São Paulo,17,Campo Limpo,Central,Oeste
305,326,Jardim Umarizal,36,São Paulo,17,Campo Limpo,Central,Oeste
306,327,Portal do Morumbi,36,São Paulo,96,Vila Sônia,Central,Oeste
307,328,Jardim Jussara,36,São Paulo,96,Vila Sônia,Central,Oeste
308,329,Vila Sônia,36,São Paulo,96,Vila Sônia,Central,Oeste
309,330,Jardim Maria do Carmo,36,São Paulo,96,Vila Sônia,Central,Oeste
310,331,Jardim Cambará,36,São Paulo,66,Raposo Tavares,Central,Oeste
311,332,Jardim João XXIII,36,São Paulo,66,Raposo Tavares,Central,Oeste
312,333,Raposo Tavares,36,São Paulo,66,Raposo Tavares,Central,Oeste
313,334,Rio Pequeno,36,São Paulo,68,Rio Pequeno,Central,Oeste
313,335,Jardim Ester Yolanda,36,São Paulo,68,Rio Pequeno,Central,Oeste
314,336,Jardim Adalgiza,36,São Paulo,68,Rio Pequeno,Central,Oeste
315,337,Parque Continental,36,São Paulo,40,Jaguaré,Central,Oeste
316,338,Jaguaré,36,São Paulo,40,Jaguaré,Central,Oeste
317,339,Cidade Universitária,36,São Paulo,12,Butantã,Central,Oeste
318,340,Butantã,36,São Paulo,12,Butantã,Central,Oeste
319,341,Jardim Caxingui,36,São Paulo,12,Butantã,Central,Oeste
320,342,Jardim Bonfiglioli,36,São Paulo,12,Butantã,Central,Oeste
321,343,Melhoramentos,4,Caieiras,100,Caieiras,Norte,NA
322,344,Caieiras,4,Caieiras,100,Caieiras,Norte,NA
322,345,Serpa,4,Caieiras,100,Caieiras,Norte,NA
323,346,Santa Inês,4,Caieiras,100,Caieiras,Norte,NA
324,347,Cajamar,5,Cajamar,101,Cajamar,Norte,NA
325,348,Jordanésia,5,Cajamar,101,Cajamar,Norte,NA
326,349,Cristais,13,Franco da Rocha,109,Franco da Rocha,Norte,NA
327,350,Baltazar Fidélis,13,Franco da Rocha,109,Franco da Rocha,Norte,NA
327,351,Franco da Rocha,13,Franco da Rocha,109,Franco da Rocha,Norte,NA
327,352,Parque do Juqueri,13,Franco da Rocha,109,Franco da Rocha,Norte,NA
328,353,Palmares,13,Franco da Rocha,109,Franco da Rocha,Norte,NA
329,354,Sete Voltas,12,Francisco Morato,108,Francisco Morato,Norte,NA
330,355,Afonso Moreno,12,Francisco Morato,108,Francisco Morato,Norte,NA
330,356,Francisco Morato,12,Francisco Morato,108,Francisco Morato,Norte,NA
331,357,Cascatas,12,Francisco Morato,108,Francisco Morato,Norte,NA
332,358,Mairiporã,21,Mairiporã,117,Mairiporã,Norte,NA
333,359,Paiva Castro,21,Mairiporã,117,Mairiporã,Norte,NA
334,360,Colinas,21,Mairiporã,117,Mairiporã,Norte,NA
335,361,Pirucaia,21,Mairiporã,117,Mairiporã,Norte,NA
336,362,Guarulhos,15,Guarulhos,111,Guarulhos,Nordeste,NA
336,363,Macedo,15,Guarulhos,111,Guarulhos,Nordeste,NA
337,364,Cumbica,15,Guarulhos,111,Guarulhos,Nordeste,NA
338,365,Várzea do Palácio,15,Guarulhos,111,Guarulhos,Nordeste,NA
339,366,Ponte Grande,15,Guarulhos,111,Guarulhos,Nordeste,NA
340,367,Gopouva,15,Guarulhos,111,Guarulhos,Nordeste,NA
340,368,Vila São Rafael,15,Guarulhos,111,Guarulhos,Nordeste,NA
341,369,Vila Rosália,15,Guarulhos,111,Guarulhos,Nordeste,NA
341,370,André Luiz,15,Guarulhos,111,Guarulhos,Nordeste,NA
342,371,Jardim Santa Clara,15,Guarulhos,111,Guarulhos,Nordeste,NA
342,372,Parque CECAP,15,Guarulhos,111,Guarulhos,Nordeste,NA
342,373,Taboão,15,Guarulhos,111,Guarulhos,Nordeste,NA
343,374,Aeroporto,15,Guarulhos,111,Guarulhos,Nordeste,NA
344,375,Jardim Presidente Dutra,15,Guarulhos,111,Guarulhos,Nordeste,NA
344,376,Baquirivu,15,Guarulhos,111,Guarulhos,Nordeste,NA
344,377,Água Chata,15,Guarulhos,111,Guarulhos,Nordeste,NA
344,378,Pimentas,15,Guarulhos,111,Guarulhos,Nordeste,NA
345,379,Cabuçu,15,Guarulhos,111,Guarulhos,Nordeste,NA
345,380,Invernada,15,Guarulhos,111,Guarulhos,Nordeste,NA
346,381,Morro dos Macacos,15,Guarulhos,111,Guarulhos,Nordeste,NA
347,382,Chácaras Bananal,15,Guarulhos,111,Guarulhos,Nordeste,NA
347,383,Estrada de Nazaré Paulista,15,Guarulhos,111,Guarulhos,Nordeste,NA
347,384,Água Azul,15,Guarulhos,111,Guarulhos,Nordeste,NA
348,385,Vasconcelândia,15,Guarulhos,111,Guarulhos,Nordeste,NA
349,386,Arujazinho,1,Arujá,97,Arujá,Nordeste,NA
350,387,Arujá,1,Arujá,97,Arujá,Nordeste,NA
351,388,Fazenda Velha,1,Arujá,97,Arujá,Nordeste,NA
352,389,Santa Isabel,30,Santa Isabel,126,Santa Isabel,Nordeste,NA
353,390,Jaguari,30,Santa Isabel,126,Santa Isabel,Nordeste,NA
354,391,Ferraz de Vasconcelos,11,Ferraz de Vasconcelos,107,Ferraz de Vasconcelos,Leste,NA
355,392,Paiol Velho,11,Ferraz de Vasconcelos,107,Ferraz de Vasconcelos,Leste,NA
356,393,Santos Dumont,11,Ferraz de Vasconcelos,107,Ferraz de Vasconcelos,Leste,NA
357,394,Jardim São José,26,Poá,122,Poá,Leste,NA
358,395,Poá,26,Poá,122,Poá,Leste,NA
359,396,Itaquaquecetuba,18,Itaquaquecetuba,114,Itaquaquecetuba,Leste,NA
359,397,Quinta da Boa Vista,18,Itaquaquecetuba,114,Itaquaquecetuba,Leste,NA
360,398,Bonsucesso,18,Itaquaquecetuba,114,Itaquaquecetuba,Leste,NA
361,399,Pinheirinho,18,Itaquaquecetuba,114,Itaquaquecetuba,Leste,NA
362,400,Miguel Badra,37,Suzano,132,Suzano,Leste,NA
363,401,Suzano,37,Suzano,132,Suzano,Leste,NA
364,402,Guaió,37,Suzano,132,Suzano,Leste,NA
365,403,Ouro Fino,37,Suzano,132,Suzano,Leste,NA
366,404,Mogi das Cruzes,23,Mogi das Cruzes,119,Mogi das Cruzes,Leste,NA
367,405,Estudantes,23,Mogi das Cruzes,119,Mogi das Cruzes,Leste,NA
368,406,Vila Oliveira,23,Mogi das Cruzes,119,Mogi das Cruzes,Leste,NA
369,407,Brás Cubas,23,Mogi das Cruzes,119,Mogi das Cruzes,Leste,NA
370,408,Jundiapeba,23,Mogi das Cruzes,119,Mogi das Cruzes,Leste,NA
371,409,Jardim Graziella,23,Mogi das Cruzes,119,Mogi das Cruzes,Leste,NA
372,410,Itapeti,23,Mogi das Cruzes,119,Mogi das Cruzes,Leste,NA
373,411,Sabaúna,23,Mogi das Cruzes,119,Mogi das Cruzes,Leste,NA
374,412,César de Souza,23,Mogi das Cruzes,119,Mogi das Cruzes,Leste,NA
375,413,Taiaçupeba,23,Mogi das Cruzes,119,Mogi das Cruzes,Leste,NA
376,414,Biritiba-Mirim,3,Biritiba-Mirim,99,Biritiba-Mirim,NA,NA
377,415,Salesópolis,29,Salesópolis,125,Salesópolis,NA,NA
378,416,Guararema,14,Guararema,110,Guararema,NA,NA
379,417,Santa Paula,34,São Caetano do Sul,130,São Caetano do Sul,Sudeste,NA
380,418,Vila Gerti,34,São Caetano do Sul,130,São Caetano do Sul,Sudeste,NA
380,419,Estrada das Lágrimas,34,São Caetano do Sul,130,São Caetano do Sul,Sudeste,NA
381,420,Santo Antônio,34,São Caetano do Sul,130,São Caetano do Sul,Sudeste,NA
382,421,São Caetano do Sul,34,São Caetano do Sul,130,São Caetano do Sul,Sudeste,NA
383,422,Santo André,32,Santo André,128,Santo André,Sudeste,NA
384,423,Vila Gilda,32,Santo André,128,Santo André,Sudeste,NA
384,424,Valparaíso,32,Santo André,128,Santo André,Sudeste,NA
385,425,Sacadura Cabral,32,Santo André,128,Santo André,Sudeste,NA
385,426,Campestre,32,Santo André,128,Santo André,Sudeste,NA
386,427,Utinga,32,Santo André,128,Santo André,Sudeste,NA
387,428,Vila Lucinda,32,Santo André,128,Santo André,Sudeste,NA
388,429,Parque Oratório,32,Santo André,128,Santo André,Sudeste,NA
388,430,Parque das Nações,32,Santo André,128,Santo André,Sudeste,NA
389,431,Jardim do Estádio,32,Santo André,128,Santo André,Sudeste,NA
389,432,Carijós,32,Santo André,128,Santo André,Sudeste,NA
390,433,Parque do Pedroso,32,Santo André,128,Santo André,Sudeste,NA
391,434,Paranapiacaba,32,Santo André,128,Santo André,Sudeste,NA
392,435,Capuava,22,Mauá,118,Mauá,Sudeste,NA
393,436,Mauá,22,Mauá,118,Mauá,Sudeste,NA
394,437,Jardim Zaíra,22,Mauá,118,Mauá,Sudeste,NA
394,438,Barão de Mauá,22,Mauá,118,Mauá,Sudeste,NA
395,439,Estrada do Carneiro,22,Mauá,118,Mauá,Sudeste,NA
396,440,Ribeirão Pires,27,Ribeirão Pires,123,Ribeirão Pires,Sudeste,NA
397,441,Jardim Santa Luzia,27,Ribeirão Pires,123,Ribeirão Pires,Sudeste,NA
398,442,Ouro Fino Paulista,27,Ribeirão Pires,123,Ribeirão Pires,Sudeste,NA
399,443,Parque Sete Pontes,28,Rio Grande da Serra,124,Rio Grande da Serra,Sudeste,NA
400,444,Rio Grande da Serra,28,Rio Grande da Serra,124,Rio Grande da Serra,Sudeste,NA
401,445,Planalto,33,São Bernardo do Campo,129,São Bernardo do Campo,Sudeste,NA
402,446,Paulicéia,33,São Bernardo do Campo,129,São Bernardo do Campo,Sudeste,NA
402,447,Rudge Ramos,33,São Bernardo do Campo,129,São Bernardo do Campo,Sudeste,NA
403,448,Baeta Neves,33,São Bernardo do Campo,129,São Bernardo do Campo,Sudeste,NA
403,449,São Bernardo do Campo,33,São Bernardo do Campo,129,São Bernardo do Campo,Sudeste,NA
404,450,Montanhão,33,São Bernardo do Campo,129,São Bernardo do Campo,Sudeste,NA
404,451,Demarchi,33,São Bernardo do Campo,129,São Bernardo do Campo,Sudeste,NA
405,452,Riacho Grande,33,São Bernardo do Campo,129,São Bernardo do Campo,Sudeste,NA
406,453,Caminho do Mar,33,São Bernardo do Campo,129,São Bernardo do Campo,Sudeste,NA
407,454,Reservatório Billings,33,São Bernardo do Campo,129,São Bernardo do Campo,Sudeste,NA
408,455,Diadema,8,Diadema,104,Diadema,Sudeste,NA
408,456,Jardim das Nações,8,Diadema,104,Diadema,Sudeste,NA
409,457,Piraporinha,8,Diadema,104,Diadema,Sudeste,NA
409,458,Vila Conceição,8,Diadema,104,Diadema,Sudeste,NA
410,459,Eldorado,8,Diadema,104,Diadema,Sudeste,NA
411,460,Taboão da Serra,38,Taboão da Serra,133,Taboão da Serra,Sudoeste,NA
412,461,Jardim Irapuã,38,Taboão da Serra,133,Taboão da Serra,Sudoeste,NA
412,462,Parque Pinheiros,38,Taboão da Serra,133,Taboão da Serra,Sudoeste,NA
412,463,Parque Industrial,38,Taboão da Serra,133,Taboão da Serra,Sudoeste,NA
413,464,Santo Eduardo,9,Embu das Artes,105,Embu das Artes,Sudoeste,NA
413,465,São Marcos,9,Embu das Artes,105,Embu das Artes,Sudoeste,NA
414,466,Embu das Artes,9,Embu das Artes,105,Embu das Artes,Sudoeste,NA
415,467,Ressaca,9,Embu das Artes,105,Embu das Artes,Sudoeste,NA
416,468,Itapecerica da Serra,16,Itapecerica da Serra,112,Itapecerica da Serra,Sudoeste,NA
417,469,Jardim Petrópolis,16,Itapecerica da Serra,112,Itapecerica da Serra,Sudoeste,NA
418,470,Embu-Mirim,16,Itapecerica da Serra,112,Itapecerica da Serra,Sudoeste,NA
419,471,São Lourenço da Serra,35,São Lourenço da Serra,131,São Lourenço da Serra,NA,NA
420,472,Embu-Guaçu,10,Embu-Guaçu,106,Embu-Guaçu,Sudoeste,NA
421,473,Cipó,10,Embu-Guaçu,106,Embu-Guaçu,Sudoeste,NA
422,474,Santa Rita,10,Embu-Guaçu,106,Embu-Guaçu,Sudoeste,NA
423,475,Juquitiba,20,Juquitiba,116,Juquitiba,NA,NA
424,476,Barueri,2,Barueri,98,Barueri,Oeste,NA
425,477,Aphaville,2,Barueri,98,Barueri,Oeste,NA
426,478,Tamboré,2,Barueri,98,Barueri,Oeste,NA
427,479,Antônio João,2,Barueri,98,Barueri,Oeste,NA
428,480,Vutopoca,2,Barueri,98,Barueri,Oeste,NA
429,481,Jardim Silveira,2,Barueri,98,Barueri,Oeste,NA
430,482,Jardim Belval,2,Barueri,98,Barueri,Oeste,NA
431,483,Morada dos Lagos,2,Barueri,98,Barueri,Oeste,NA
432,484,Cidade Ariston,6,Carapicuíba,102,Carapicuíba,Oeste,NA
432,485,Carapicuíba,6,Carapicuíba,102,Carapicuíba,Oeste,NA
433,486,Jardim Planalto,6,Carapicuíba,102,Carapicuíba,Oeste,NA
434,487,Aldeia de Carapicuíba,6,Carapicuíba,102,Carapicuíba,Oeste,NA
435,488,Estrada do Jacarandá,6,Carapicuíba,102,Carapicuíba,Oeste,NA
436,489,Osasco,24,Osasco,120,Osasco,Oeste,NA
437,490,Vila Yara,24,Osasco,120,Osasco,Oeste,NA
438,491,Bussocaba City,24,Osasco,120,Osasco,Oeste,NA
439,492,Nova Granada,24,Osasco,120,Osasco,Oeste,NA
440,493,Recanto das Rosas,24,Osasco,120,Osasco,Oeste,NA
441,494,Jardim Novo Osasco,24,Osasco,120,Osasco,Oeste,NA
441,495,Jardim Veloso,24,Osasco,120,Osasco,Oeste,NA
442,496,Quitaúna,24,Osasco,120,Osasco,Oeste,NA
443,497,Jardim Piratininga,24,Osasco,120,Osasco,Oeste,NA
444,498,Presidente Altino,24,Osasco,120,Osasco,Oeste,NA
445,499,Munhoz Junior,24,Osasco,120,Osasco,Oeste,NA
446,500,Rochdale,24,Osasco,120,Osasco,Oeste,NA
446,501,Mutinga,24,Osasco,120,Osasco,Oeste,NA
447,502,Três Montanhas,24,Osasco,120,Osasco,Oeste,NA
448,503,Ribeirão Itaqui,19,Jandira,115,Jandira,Oeste,NA
449,504,Jandira,19,Jandira,115,Jandira,Oeste,NA
450,505,Ribeirão das Pombas,19,Jandira,115,Jandira,Oeste,NA
451,506,Granja Viana,7,Cotia,103,Cotia,Oeste,NA
451,507,Fernando Nobre,7,Cotia,103,Cotia,Oeste,NA
452,508,Cotia,7,Cotia,103,Cotia,Oeste,NA
453,509,Capueira,7,Cotia,103,Cotia,Oeste,NA
454,510,Caucaia,7,Cotia,103,Cotia,Oeste,NA
455,511,Caucaia do Alto,7,Cotia,103,Cotia,Oeste,NA
456,512,Vargem Grande Paulista,39,Vargem Grande Paulista,134,Vargem Grande Paulista,NA,NA
457,513,Quatro Encruzilhadas,17,Itapevi,113,Itapevi,Oeste,NA
458,514,Itapevi,17,Itapevi,113,Itapevi,Oeste,NA
458,515,Amador Bueno,17,Itapevi,113,Itapevi,Oeste,NA
459,516,Santana de Parnaíba,31,Santana de Parnaíba,127,Santana de Parnaíba,NA,NA
460,517,Pirapora do Bom Jesus,25,Pirapora do Bom Jesus,121,Pirapora do Bom Jesus,NA,NA
