COD_ZONA,ENDERECO_EMPREGOS,QTD
1,Empregos em Endereço Fixo(*),71721.16217837745
1,Empregos na Própria Residência,18.721070042553198
1,Empregos Sem Endereço Fixo(**),112.4302833913375
2,Empregos em Endereço Fixo(*),47979.27556104105
2,Empregos na Própria Residência,859.9363895963578
2,Empregos Sem Endereço Fixo(**),3014.5253607134855
3,Empregos em Endereço Fixo(*),17091.928488730795
3,Empregos na Própria Residência,413.2749716052624
3,Empregos Sem Endereço Fixo(**),1042.1433731666652
4,Empregos em Endereço Fixo(*),18302.67328346109
4,Empregos na Própria Residência,2718.395775661091
4,Empregos Sem Endereço Fixo(**),1532.8715444969891
5,Empregos em Endereço Fixo(*),87292.49969185374
5,Empregos na Própria Residência,300.9146555384617
5,Empregos Sem Endereço Fixo(**),1893.2411473181824
6,Empregos em Endereço Fixo(*),35889.25909461862
6,Empregos na Própria Residência,1261.9219832052079
6,Empregos Sem Endereço Fixo(**),1220.741194338762
7,Empregos em Endereço Fixo(*),33071.86365430224
7,Empregos na Própria Residência,1527.9580843555561
7,Empregos Sem Endereço Fixo(**),448.08922137435917
8,Empregos em Endereço Fixo(*),14352.453866301594
8,Empregos na Própria Residência,360.82110333726945
8,Empregos Sem Endereço Fixo(**),366.88221981196574
9,Empregos em Endereço Fixo(*),15766.051006243131
9,Empregos na Própria Residência,586.6364742888516
9,Empregos Sem Endereço Fixo(**),139.69412219003382
10,Empregos em Endereço Fixo(*),6525.878869990272
10,Empregos na Própria Residência,83.4480924828469
10,Empregos Sem Endereço Fixo(**),103.43788483628195
11,Empregos em Endereço Fixo(*),3363.4286039018466
11,Empregos na Própria Residência,376.93546204301066
11,Empregos Sem Endereço Fixo(**),161.04651265200388
12,Empregos em Endereço Fixo(*),19708.010834470213
12,Empregos na Própria Residência,1117.2395026238414
12,Empregos Sem Endereço Fixo(**),242.70903523058826
13,Empregos em Endereço Fixo(*),9041.07371788082
13,Empregos na Própria Residência,174.1286522774028
13,Empregos Sem Endereço Fixo(**),66.17631461402603
14,Empregos em Endereço Fixo(*),27713.85495303298
14,Empregos na Própria Residência,14.27215305882353
14,Empregos Sem Endereço Fixo(**),210.5366834982006
15,Empregos em Endereço Fixo(*),12969.966440293887
15,Empregos na Própria Residência,609.5988878152999
15,Empregos Sem Endereço Fixo(**),591.7799214947131
16,Empregos em Endereço Fixo(*),17544.63913074068
16,Empregos na Própria Residência,881.302998920432
16,Empregos Sem Endereço Fixo(**),58.365731707317096
17,Empregos em Endereço Fixo(*),8475.705845208025
17,Empregos na Própria Residência,357.42854486699537
17,Empregos Sem Endereço Fixo(**),527.6818165825608
18,Empregos em Endereço Fixo(*),22613.431657890116
18,Empregos na Própria Residência,844.5756141024083
18,Empregos Sem Endereço Fixo(**),631.5169256069285
19,Empregos em Endereço Fixo(*),13583.37158149258
19,Empregos na Própria Residência,1943.3169598167938
19,Empregos Sem Endereço Fixo(**),921.176606556279
20,Empregos em Endereço Fixo(*),4468.777358899734
20,Empregos na Própria Residência,1683.1766022464622
20,Empregos Sem Endereço Fixo(**),2006.970117835154
21,Empregos em Endereço Fixo(*),6854.265106578995
21,Empregos na Própria Residência,1932.0350453197993
21,Empregos Sem Endereço Fixo(**),898.7457573620358
22,Empregos em Endereço Fixo(*),7098.106944130835
22,Empregos na Própria Residência,708.7762825500002
22,Empregos Sem Endereço Fixo(**),617.8228505239011
23,Empregos em Endereço Fixo(*),17578.401305221512
23,Empregos na Própria Residência,183.57273522362857
23,Empregos Sem Endereço Fixo(**),152.67582560337542
24,Empregos em Endereço Fixo(*),17419.382775539918
24,Empregos na Própria Residência,416.9196996308511
24,Empregos Sem Endereço Fixo(**),159.74749134042554
25,Empregos em Endereço Fixo(*),9809.100822017395
25,Empregos na Própria Residência,1612.6026299551195
25,Empregos Sem Endereço Fixo(**),720.1893169537165
26,Empregos em Endereço Fixo(*),11831.477661930077
26,Empregos na Própria Residência,940.1418935785598
26,Empregos Sem Endereço Fixo(**),648.8267154114887
27,Empregos em Endereço Fixo(*),42853.755228321505
27,Empregos na Própria Residência,701.8136280852805
27,Empregos Sem Endereço Fixo(**),1299.6530104273984
28,Empregos em Endereço Fixo(*),25584.38491304223
28,Empregos na Própria Residência,791.9598590250005
28,Empregos Sem Endereço Fixo(**),2056.1570793498486
29,Empregos em Endereço Fixo(*),43537.51427250796
29,Empregos na Própria Residência,1137.0510574342964
29,Empregos Sem Endereço Fixo(**),736.2122216752971
30,Empregos em Endereço Fixo(*),15627.257014745795
30,Empregos na Própria Residência,2312.9163512171012
30,Empregos Sem Endereço Fixo(**),642.6432831710507
31,Empregos em Endereço Fixo(*),24540.876915514353
31,Empregos na Própria Residência,1712.751361925124
31,Empregos Sem Endereço Fixo(**),848.64296651948
32,Empregos em Endereço Fixo(*),47206.2649090282
32,Empregos na Própria Residência,790.7537377578883
32,Empregos Sem Endereço Fixo(**),239.80358828796824
33,Empregos em Endereço Fixo(*),2807.973573269126
33,Empregos na Própria Residência,272.41462312962875
33,Empregos Sem Endereço Fixo(**),46.06789445193061
34,Empregos em Endereço Fixo(*),8777.398604750324
34,Empregos na Própria Residência,894.4867771984467
34,Empregos Sem Endereço Fixo(**),292.98051891050676
35,Empregos em Endereço Fixo(*),31335.054141358716
35,Empregos na Própria Residência,1775.570728954761
35,Empregos Sem Endereço Fixo(**),2682.817267420282
36,Empregos em Endereço Fixo(*),26721.51755034261
36,Empregos na Própria Residência,4384.992477613806
36,Empregos Sem Endereço Fixo(**),2026.829405011597
37,Empregos em Endereço Fixo(*),18412.96126134664
37,Empregos na Própria Residência,469.08113170400424
37,Empregos Sem Endereço Fixo(**),137.58089646834406
38,Empregos em Endereço Fixo(*),4175.89812093354
38,Empregos na Própria Residência,269.63770307142846
38,Empregos Sem Endereço Fixo(**),684.5108640365073
39,Empregos em Endereço Fixo(*),8024.512231515744
39,Empregos na Própria Residência,206.17901505882327
39,Empregos Sem Endereço Fixo(**),720.8180461834982
40,Empregos em Endereço Fixo(*),16674.631830615657
40,Empregos na Própria Residência,500.1838642613633
40,Empregos Sem Endereço Fixo(**),479.66849744025944
41,Empregos em Endereço Fixo(*),22856.35049704298
41,Empregos na Própria Residência,834.5775938511689
41,Empregos Sem Endereço Fixo(**),717.5002568443663
42,Empregos em Endereço Fixo(*),8136.736127189875
42,Empregos na Própria Residência,462.6910298065359
42,Empregos Sem Endereço Fixo(**),145.14047649673205
43,Empregos em Endereço Fixo(*),19855.346101176852
43,Empregos na Própria Residência,2179.7289265181535
43,Empregos Sem Endereço Fixo(**),1656.8819262694547
44,Empregos em Endereço Fixo(*),16470.56021384799
44,Empregos na Própria Residência,824.9351308280818
44,Empregos Sem Endereço Fixo(**),746.8972170428567
45,Empregos em Endereço Fixo(*),31717.15795142711
45,Empregos na Própria Residência,1259.7532368108891
45,Empregos Sem Endereço Fixo(**),504.85212673732224
46,Empregos em Endereço Fixo(*),11963.174133592245
46,Empregos na Própria Residência,2700.427807394266
46,Empregos Sem Endereço Fixo(**),1918.3109206801932
47,Empregos em Endereço Fixo(*),8865.12146626001
47,Empregos na Própria Residência,1976.8940624134448
47,Empregos Sem Endereço Fixo(**),1134.5540059470995
48,Empregos em Endereço Fixo(*),12178.600016697139
48,Empregos na Própria Residência,788.9564913684209
48,Empregos Sem Endereço Fixo(**),1899.6801703886758
49,Empregos em Endereço Fixo(*),18026.760294554082
49,Empregos na Própria Residência,1369.975990854727
49,Empregos Sem Endereço Fixo(**),612.4155325223579
50,Empregos em Endereço Fixo(*),1078.3043922982317
50,Empregos na Própria Residência,605.5347651854852
50,Empregos Sem Endereço Fixo(**),161.31119707526915
51,Empregos em Endereço Fixo(*),5406.825542571095
51,Empregos na Própria Residência,1340.8967422515698
51,Empregos Sem Endereço Fixo(**),417.3536272730421
52,Empregos em Endereço Fixo(*),12779.93419605582
52,Empregos na Própria Residência,1561.5536924094022
52,Empregos Sem Endereço Fixo(**),394.7114906153842
53,Empregos em Endereço Fixo(*),21838.585866204005
53,Empregos na Própria Residência,705.2572307104147
53,Empregos Sem Endereço Fixo(**),507.99245977036577
54,Empregos em Endereço Fixo(*),29045.41089160156
54,Empregos na Própria Residência,492.8591216123635
54,Empregos Sem Endereço Fixo(**),186.2315166315785
55,Empregos em Endereço Fixo(*),12402.278858199112
55,Empregos na Própria Residência,1506.3441282653328
55,Empregos Sem Endereço Fixo(**),1768.9482343225832
56,Empregos em Endereço Fixo(*),19451.0946221534
56,Empregos na Própria Residência,2560.9959414615373
56,Empregos Sem Endereço Fixo(**),130.6101841880339
57,Empregos em Endereço Fixo(*),42151.72143859602
57,Empregos na Própria Residência,1471.8184616850915
57,Empregos Sem Endereço Fixo(**),1521.8358234695727
58,Empregos em Endereço Fixo(*),13408.999008077159
58,Empregos na Própria Residência,1488.4754625797075
58,Empregos Sem Endereço Fixo(**),1530.3084095189145
59,Empregos em Endereço Fixo(*),27591.39071031245
59,Empregos na Própria Residência,2054.9420401411885
59,Empregos Sem Endereço Fixo(**),2004.8722309883815
60,Empregos em Endereço Fixo(*),12766.960309844151
60,Empregos na Própria Residência,1285.9094078579506
60,Empregos Sem Endereço Fixo(**),1334.9707770182072
61,Empregos em Endereço Fixo(*),16212.705646566948
61,Empregos na Própria Residência,1545.4848659087322
61,Empregos Sem Endereço Fixo(**),976.4688949470421
62,Empregos em Endereço Fixo(*),18510.115460758534
62,Empregos na Própria Residência,901.2815044907052
62,Empregos Sem Endereço Fixo(**),583.1602090224118
63,Empregos em Endereço Fixo(*),12340.270988628552
63,Empregos na Própria Residência,268.6129091645562
63,Empregos Sem Endereço Fixo(**),40.937673797468236
64,Empregos em Endereço Fixo(*),37307.232360356655
64,Empregos na Própria Residência,1831.5930332287817
64,Empregos Sem Endereço Fixo(**),2132.966464685812
65,Empregos em Endereço Fixo(*),15146.044982092311
65,Empregos na Própria Residência,905.9433569477933
65,Empregos Sem Endereço Fixo(**),1503.7336918875533
66,Empregos em Endereço Fixo(*),20642.421610883906
66,Empregos na Própria Residência,824.6788473898289
66,Empregos Sem Endereço Fixo(**),1060.25187684583
67,Empregos em Endereço Fixo(*),7546.467336574855
67,Empregos na Própria Residência,741.6290722049062
67,Empregos Sem Endereço Fixo(**),476.80094577551904
68,Empregos em Endereço Fixo(*),71637.69701244039
68,Empregos na Própria Residência,1201.6070578132721
68,Empregos Sem Endereço Fixo(**),726.2333753005223
69,Empregos em Endereço Fixo(*),22071.636229019874
69,Empregos na Própria Residência,393.84020570542646
69,Empregos Sem Endereço Fixo(**),997.1734837595891
70,Empregos em Endereço Fixo(*),19468.661767412872
70,Empregos na Própria Residência,497.9537557435894
70,Empregos Sem Endereço Fixo(**),357.3626290178567
71,Empregos em Endereço Fixo(*),17413.38864460301
71,Empregos na Própria Residência,2328.3494941578924
71,Empregos Sem Endereço Fixo(**),873.7375338869288
72,Empregos em Endereço Fixo(*),23349.476839644503
72,Empregos na Própria Residência,812.5364234168258
72,Empregos Sem Endereço Fixo(**),287.565346545397
73,Empregos em Endereço Fixo(*),96587.92799170925
73,Empregos na Própria Residência,472.81623629676085
73,Empregos Sem Endereço Fixo(**),671.8431761462907
74,Empregos em Endereço Fixo(*),34181.7231553337
74,Empregos na Própria Residência,1474.9469059455741
74,Empregos Sem Endereço Fixo(**),576.7713804935871
75,Empregos em Endereço Fixo(*),10669.586537250054
75,Empregos na Própria Residência,1313.0566658723362
75,Empregos Sem Endereço Fixo(**),581.5452915854275
76,Empregos em Endereço Fixo(*),22057.73660117449
76,Empregos na Própria Residência,1291.0120878842756
76,Empregos Sem Endereço Fixo(**),329.8818629139059
77,Empregos em Endereço Fixo(*),35842.68339196642
77,Empregos na Própria Residência,1976.30480880393
77,Empregos Sem Endereço Fixo(**),1131.2480208421023
78,Empregos em Endereço Fixo(*),21623.104698734696
78,Empregos na Própria Residência,2677.102193158838
78,Empregos Sem Endereço Fixo(**),631.8262890353185
79,Empregos em Endereço Fixo(*),44412.60049642249
79,Empregos na Própria Residência,649.2054642825283
79,Empregos Sem Endereço Fixo(**),1132.2948069847616
80,Empregos em Endereço Fixo(*),24513.947604529523
80,Empregos na Própria Residência,1843.4652284979961
80,Empregos Sem Endereço Fixo(**),1195.2045352593766
81,Empregos em Endereço Fixo(*),39128.61821451752
81,Empregos na Própria Residência,1287.4469259492234
81,Empregos Sem Endereço Fixo(**),1224.7880100746274
82,Empregos em Endereço Fixo(*),72892.31613167567
82,Empregos na Própria Residência,1282.9806485669192
82,Empregos Sem Endereço Fixo(**),898.5231377661477
83,Empregos em Endereço Fixo(*),23967.49553124839
83,Empregos na Própria Residência,3182.527639996227
83,Empregos Sem Endereço Fixo(**),650.5029378564058
84,Empregos em Endereço Fixo(*),10894.42384391944
84,Empregos na Própria Residência,1066.9690856755376
84,Empregos Sem Endereço Fixo(**),801.6186125305508
85,Empregos em Endereço Fixo(*),2625.1117456185475
85,Empregos na Própria Residência,529.5144154513895
85,Empregos Sem Endereço Fixo(**),104.5193323611112
86,Empregos em Endereço Fixo(*),3307.4217572144566
86,Empregos na Própria Residência,372.1516441104298
86,Empregos Sem Endereço Fixo(**),223.44673314110454
87,Empregos em Endereço Fixo(*),7985.4276156076885
87,Empregos na Própria Residência,1923.3849184229323
87,Empregos Sem Endereço Fixo(**),935.210570007459
88,Empregos em Endereço Fixo(*),18030.53819592633
88,Empregos na Própria Residência,4477.062382303357
88,Empregos Sem Endereço Fixo(**),1605.286128788716
89,Empregos em Endereço Fixo(*),2697.893764698348
89,Empregos na Própria Residência,1660.5262065238098
89,Empregos Sem Endereço Fixo(**),1083.9818663809524
90,Empregos em Endereço Fixo(*),7730.226029747691
90,Empregos na Própria Residência,284.2351339244635
90,Empregos Sem Endereço Fixo(**),1726.6268471989902
91,Empregos em Endereço Fixo(*),24063.923100607986
91,Empregos na Própria Residência,227.39095351159574
91,Empregos Sem Endereço Fixo(**),104.81364194271477
92,Empregos em Endereço Fixo(*),12074.412577392819
92,Empregos na Própria Residência,55.22967242307706
92,Empregos Sem Endereço Fixo(**),795.1478552278489
93,Empregos em Endereço Fixo(*),29423.09017067658
93,Empregos na Própria Residência,213.69580979032284
93,Empregos Sem Endereço Fixo(**),857.9749415867814
94,Empregos em Endereço Fixo(*),18563.00074944994
94,Empregos na Própria Residência,310.00829899161215
94,Empregos Sem Endereço Fixo(**),688.2705651232827
95,Empregos em Endereço Fixo(*),6947.525450937935
95,Empregos na Própria Residência,1055.8210082000026
95,Empregos Sem Endereço Fixo(**),1645.2231290444468
96,Empregos em Endereço Fixo(*),11093.485253212242
96,Empregos na Própria Residência,589.8633992888897
96,Empregos Sem Endereço Fixo(**),295.3881217777782
97,Empregos em Endereço Fixo(*),11510.114709408483
97,Empregos na Própria Residência,1678.4122738525095
97,Empregos Sem Endereço Fixo(**),750.2990152182472
98,Empregos em Endereço Fixo(*),8394.378852670252
98,Empregos na Própria Residência,12.436694400000013
98,Empregos Sem Endereço Fixo(**),93.62952977777766
99,Empregos em Endereço Fixo(*),21985.3411172385
99,Empregos na Própria Residência,472.28090994171964
99,Empregos Sem Endereço Fixo(**),478.6012357103764
100,Empregos em Endereço Fixo(*),36646.30959297789
100,Empregos na Própria Residência,2034.3384802784647
100,Empregos Sem Endereço Fixo(**),1736.4765292387767
101,Empregos em Endereço Fixo(*),7921.668452600057
101,Empregos na Própria Residência,1692.512139348214
101,Empregos Sem Endereço Fixo(**),1376.6538080357145
102,Empregos em Endereço Fixo(*),6356.362676247496
102,Empregos na Própria Residência,972.6688769333325
102,Empregos Sem Endereço Fixo(**),847.0920785683778
103,Empregos em Endereço Fixo(*),2668.4762514086638
103,Empregos na Própria Residência,139.89609732348114
103,Empregos Sem Endereço Fixo(**),113.58133539244663
104,Empregos em Endereço Fixo(*),2606.031620167739
104,Empregos na Própria Residência,715.838384229746
104,Empregos Sem Endereço Fixo(**),295.03103223711173
105,Empregos em Endereço Fixo(*),14504.521318916859
105,Empregos na Própria Residência,1425.6932966806598
105,Empregos Sem Endereço Fixo(**),582.4948568875564
106,Empregos em Endereço Fixo(*),20690.859877721865
106,Empregos na Própria Residência,106.16151744959453
106,Empregos Sem Endereço Fixo(**),156.67862528269615
107,Empregos em Endereço Fixo(*),11238.691411866805
107,Empregos na Própria Residência,1065.5767506027328
107,Empregos Sem Endereço Fixo(**),541.0296873378898
108,Empregos em Endereço Fixo(*),14589.58013415847
108,Empregos na Própria Residência,326.74034624090893
108,Empregos Sem Endereço Fixo(**),628.0988400094406
109,Empregos em Endereço Fixo(*),21632.20716961182
109,Empregos na Própria Residência,5305.582683153363
109,Empregos Sem Endereço Fixo(**),7447.322580049809
110,Empregos em Endereço Fixo(*),10302.138683180123
110,Empregos na Própria Residência,4149.901982704102
110,Empregos Sem Endereço Fixo(**),2668.5703235433652
111,Empregos em Endereço Fixo(*),12118.924493749648
111,Empregos na Própria Residência,1938.28665037169
111,Empregos Sem Endereço Fixo(**),3669.656643764284
112,Empregos em Endereço Fixo(*),8663.03900990288
112,Empregos na Própria Residência,1830.6082032324457
112,Empregos Sem Endereço Fixo(**),3390.578670671151
113,Empregos em Endereço Fixo(*),16309.042677681635
113,Empregos na Própria Residência,429.22185296123166
113,Empregos Sem Endereço Fixo(**),1633.5522239894678
114,Empregos em Endereço Fixo(*),210.67466585714286
114,Empregos na Própria Residência,0
114,Empregos Sem Endereço Fixo(**),0
115,Empregos em Endereço Fixo(*),6677.752308655572
115,Empregos na Própria Residência,2287.2674701216947
115,Empregos Sem Endereço Fixo(**),3819.7987110952445
116,Empregos em Endereço Fixo(*),17805.538930475217
116,Empregos na Própria Residência,4354.572706671734
116,Empregos Sem Endereço Fixo(**),10023.270376079245
117,Empregos em Endereço Fixo(*),9363.4638790528
117,Empregos na Própria Residência,5313.640788254905
117,Empregos Sem Endereço Fixo(**),1861.2182185098045
118,Empregos em Endereço Fixo(*),2052.027499918297
118,Empregos na Própria Residência,758.5685866686674
118,Empregos Sem Endereço Fixo(**),1196.142418882357
119,Empregos em Endereço Fixo(*),6269.36822511117
119,Empregos na Própria Residência,2696.4368527613633
119,Empregos Sem Endereço Fixo(**),5002.972692062498
120,Empregos em Endereço Fixo(*),0
120,Empregos na Própria Residência,0
120,Empregos Sem Endereço Fixo(**),0
121,Empregos em Endereço Fixo(*),6495.166337806394
121,Empregos na Própria Residência,2303.4385595581393
121,Empregos Sem Endereço Fixo(**),6891.939333606167
122,Empregos em Endereço Fixo(*),3827.001680677507
122,Empregos na Própria Residência,2895.520007616279
122,Empregos Sem Endereço Fixo(**),2886.9976209836796
123,Empregos em Endereço Fixo(*),3836.6239744276886
123,Empregos na Própria Residência,3349.120464066662
123,Empregos Sem Endereço Fixo(**),2422.1555131333307
124,Empregos em Endereço Fixo(*),10477.801027612717
124,Empregos na Própria Residência,4391.426294260311
124,Empregos Sem Endereço Fixo(**),2789.2698604329903
125,Empregos em Endereço Fixo(*),5991.264469559611
125,Empregos na Própria Residência,2195.6995256479627
125,Empregos Sem Endereço Fixo(**),4182.810543584638
126,Empregos em Endereço Fixo(*),8976.402976541945
126,Empregos na Própria Residência,622.6266506233419
126,Empregos Sem Endereço Fixo(**),2430.5233558247014
127,Empregos em Endereço Fixo(*),17207.597438367884
127,Empregos na Própria Residência,1000.1311244306416
127,Empregos Sem Endereço Fixo(**),1681.2885169792958
128,Empregos em Endereço Fixo(*),13578.382074594345
128,Empregos na Própria Residência,67.60034023529413
128,Empregos Sem Endereço Fixo(**),46.25032328440377
129,Empregos em Endereço Fixo(*),14056.89519113733
129,Empregos na Própria Residência,177.65262654300486
129,Empregos Sem Endereço Fixo(**),223.72683703765227
130,Empregos em Endereço Fixo(*),3582.0459170961717
130,Empregos na Própria Residência,103.78507294208498
130,Empregos Sem Endereço Fixo(**),172.9406157374518
131,Empregos em Endereço Fixo(*),10677.616157082028
131,Empregos na Própria Residência,84.93503999999996
131,Empregos Sem Endereço Fixo(**),144.7738093254913
132,Empregos em Endereço Fixo(*),3871.103424496129
132,Empregos na Própria Residência,0
132,Empregos Sem Endereço Fixo(**),0
133,Empregos em Endereço Fixo(*),17447.072684238854
133,Empregos na Própria Residência,2318.9092015757583
133,Empregos Sem Endereço Fixo(**),599.9293416666669
134,Empregos em Endereço Fixo(*),11093.022582057625
134,Empregos na Própria Residência,2661.9901201249995
134,Empregos Sem Endereço Fixo(**),950.9697596874996
135,Empregos em Endereço Fixo(*),13574.567227266294
135,Empregos na Própria Residência,1387.2487857157885
135,Empregos Sem Endereço Fixo(**),2482.9600257260913
136,Empregos em Endereço Fixo(*),20378.611258640853
136,Empregos na Própria Residência,1256.5663891456306
136,Empregos Sem Endereço Fixo(**),1835.5228607678914
137,Empregos em Endereço Fixo(*),13440.372482005225
137,Empregos na Própria Residência,3864.077698454199
137,Empregos Sem Endereço Fixo(**),3582.813793409493
138,Empregos em Endereço Fixo(*),10979.647699694273
138,Empregos na Própria Residência,336.0056506166668
138,Empregos Sem Endereço Fixo(**),741.1977592941118
139,Empregos em Endereço Fixo(*),12362.970717449356
139,Empregos na Própria Residência,674.7056521401954
139,Empregos Sem Endereço Fixo(**),1129.8919187089623
140,Empregos em Endereço Fixo(*),9381.266660319596
140,Empregos na Própria Residência,2352.210957230767
140,Empregos Sem Endereço Fixo(**),4503.1592009070055
141,Empregos em Endereço Fixo(*),15698.687921280542
141,Empregos na Própria Residência,2461.3979949098475
141,Empregos Sem Endereço Fixo(**),3692.8195283871196
142,Empregos em Endereço Fixo(*),9044.38606072771
142,Empregos na Própria Residência,3550.9000317782384
142,Empregos Sem Endereço Fixo(**),5078.909404528556
143,Empregos em Endereço Fixo(*),0
143,Empregos na Própria Residência,0
143,Empregos Sem Endereço Fixo(**),0
144,Empregos em Endereço Fixo(*),20427.487106276712
144,Empregos na Própria Residência,3662.1609369192024
144,Empregos Sem Endereço Fixo(**),6000.263391815507
145,Empregos em Endereço Fixo(*),1839.0348187144725
145,Empregos na Própria Residência,162.3462241100628
145,Empregos Sem Endereço Fixo(**),391.043392852201
146,Empregos em Endereço Fixo(*),0
146,Empregos na Própria Residência,0
146,Empregos Sem Endereço Fixo(**),0
147,Empregos em Endereço Fixo(*),11323.181087342457
147,Empregos na Própria Residência,1136.2551049912197
147,Empregos Sem Endereço Fixo(**),851.0704160555557
148,Empregos em Endereço Fixo(*),4864.779179627275
148,Empregos na Própria Residência,1432.2196972656243
148,Empregos Sem Endereço Fixo(**),1538.9499253689896
149,Empregos em Endereço Fixo(*),68.44721766666667
149,Empregos na Própria Residência,0
149,Empregos Sem Endereço Fixo(**),0
150,Empregos em Endereço Fixo(*),4271.690825816786
150,Empregos na Própria Residência,1642.7869583367838
150,Empregos Sem Endereço Fixo(**),4354.93909146881
151,Empregos em Endereço Fixo(*),12122.368354113498
151,Empregos na Própria Residência,3497.5389344922382
151,Empregos Sem Endereço Fixo(**),5390.632089029496
152,Empregos em Endereço Fixo(*),10440.641291373739
152,Empregos na Própria Residência,3527.0079302199506
152,Empregos Sem Endereço Fixo(**),605.0649067941179
153,Empregos em Endereço Fixo(*),8723.542085351772
153,Empregos na Própria Residência,1429.123896517608
153,Empregos Sem Endereço Fixo(**),612.4847566879605
154,Empregos em Endereço Fixo(*),12726.71454816666
154,Empregos na Própria Residência,2429.6121718441964
154,Empregos Sem Endereço Fixo(**),2005.4575515220868
155,Empregos em Endereço Fixo(*),3540.9795768829977
155,Empregos na Própria Residência,1779.6275904325807
155,Empregos Sem Endereço Fixo(**),999.4269496014722
156,Empregos em Endereço Fixo(*),12778.188989723609
156,Empregos na Própria Residência,3762.330242090197
156,Empregos Sem Endereço Fixo(**),1070.531692835294
157,Empregos em Endereço Fixo(*),3851.7558982368523
157,Empregos na Própria Residência,1300.9775438396077
157,Empregos Sem Endereço Fixo(**),1832.613707813764
158,Empregos em Endereço Fixo(*),4703.3648255229655
158,Empregos na Própria Residência,1376.1930753061215
158,Empregos Sem Endereço Fixo(**),1848.2073059158165
159,Empregos em Endereço Fixo(*),19152.396585794762
159,Empregos na Própria Residência,7273.93309753395
159,Empregos Sem Endereço Fixo(**),2776.460754736838
160,Empregos em Endereço Fixo(*),7849.184857252059
160,Empregos na Própria Residência,2356.226329485898
160,Empregos Sem Endereço Fixo(**),2491.1865086910257
161,Empregos em Endereço Fixo(*),29775.996608843194
161,Empregos na Própria Residência,1720.5713534090912
161,Empregos Sem Endereço Fixo(**),1709.0237791372188
162,Empregos em Endereço Fixo(*),15909.734601792263
162,Empregos na Própria Residência,1519.5220229253869
162,Empregos Sem Endereço Fixo(**),393.85931718627444
163,Empregos em Endereço Fixo(*),13614.539353842112
163,Empregos na Própria Residência,2494.2589900995263
163,Empregos Sem Endereço Fixo(**),1210.6925247459692
164,Empregos em Endereço Fixo(*),9511.392867451483
164,Empregos na Própria Residência,577.8440761428576
164,Empregos Sem Endereço Fixo(**),416.7808681785716
165,Empregos em Endereço Fixo(*),13873.019636087392
165,Empregos na Própria Residência,235.88542936866367
165,Empregos Sem Endereço Fixo(**),223.60547774193554
166,Empregos em Endereço Fixo(*),26363.06347298227
166,Empregos na Própria Residência,1930.611222674657
166,Empregos Sem Endereço Fixo(**),2059.1943789026636
167,Empregos em Endereço Fixo(*),35393.19219221636
167,Empregos na Própria Residência,1332.9728956392396
167,Empregos Sem Endereço Fixo(**),767.2972720062264
168,Empregos em Endereço Fixo(*),20130.639204400995
168,Empregos na Própria Residência,1543.3711218181832
168,Empregos Sem Endereço Fixo(**),484.5042578926663
169,Empregos em Endereço Fixo(*),16023.763844812438
169,Empregos na Própria Residência,1402.52160156767
169,Empregos Sem Endereço Fixo(**),1601.6277814527039
170,Empregos em Endereço Fixo(*),18710.5463546892
170,Empregos na Própria Residência,664.6930874999996
170,Empregos Sem Endereço Fixo(**),492.2057807450109
171,Empregos em Endereço Fixo(*),10800.02569677466
171,Empregos na Própria Residência,827.0108312631581
171,Empregos Sem Endereço Fixo(**),3183.3520896166247
172,Empregos em Endereço Fixo(*),8019.221809317694
172,Empregos na Própria Residência,1595.1746238390654
172,Empregos Sem Endereço Fixo(**),1793.4505302447071
173,Empregos em Endereço Fixo(*),7124.53987603871
173,Empregos na Própria Residência,592.789070639423
173,Empregos Sem Endereço Fixo(**),1303.5527935824173
174,Empregos em Endereço Fixo(*),4607.999497875382
174,Empregos na Própria Residência,2160.136442318713
174,Empregos Sem Endereço Fixo(**),3337.8347156286527
175,Empregos em Endereço Fixo(*),3911.0216415704645
175,Empregos na Própria Residência,2670.4011132761907
175,Empregos Sem Endereço Fixo(**),3493.792517
176,Empregos em Endereço Fixo(*),6398.058225925739
176,Empregos na Própria Residência,8968.149277307484
176,Empregos Sem Endereço Fixo(**),3311.127769387576
177,Empregos em Endereço Fixo(*),740.7835399367677
177,Empregos na Própria Residência,261.2927096644571
177,Empregos Sem Endereço Fixo(**),892.3804074502814
178,Empregos em Endereço Fixo(*),1288.6441311551255
178,Empregos na Própria Residência,0
178,Empregos Sem Endereço Fixo(**),0
179,Empregos em Endereço Fixo(*),0
179,Empregos na Própria Residência,0
179,Empregos Sem Endereço Fixo(**),0
180,Empregos em Endereço Fixo(*),7932.203102562662
180,Empregos na Própria Residência,3380.2113413522275
180,Empregos Sem Endereço Fixo(**),3132.7346527706673
181,Empregos em Endereço Fixo(*),9494.509065728173
181,Empregos na Própria Residência,1862.2260909159015
181,Empregos Sem Endereço Fixo(**),1362.0448449194791
182,Empregos em Endereço Fixo(*),9664.197493656542
182,Empregos na Própria Residência,5461.040239769198
182,Empregos Sem Endereço Fixo(**),1928.8477391902363
183,Empregos em Endereço Fixo(*),3314.631727091652
183,Empregos na Própria Residência,1758.450820959738
183,Empregos Sem Endereço Fixo(**),2735.1488326948033
184,Empregos em Endereço Fixo(*),3011.1580395091783
184,Empregos na Própria Residência,1193.6819727995344
184,Empregos Sem Endereço Fixo(**),772.0429552727279
185,Empregos em Endereço Fixo(*),2673.1095848730874
185,Empregos na Própria Residência,1074.9145979139541
185,Empregos Sem Endereço Fixo(**),1267.2912342603913
186,Empregos em Endereço Fixo(*),1671.9304647482254
186,Empregos na Própria Residência,434.64854602885526
186,Empregos Sem Endereço Fixo(**),547.2294056962033
187,Empregos em Endereço Fixo(*),4788.219722950689
187,Empregos na Própria Residência,2330.8311859639925
187,Empregos Sem Endereço Fixo(**),2839.5249945878268
188,Empregos em Endereço Fixo(*),5112.680211506107
188,Empregos na Própria Residência,1257.7737756573647
188,Empregos Sem Endereço Fixo(**),1928.5579006549522
189,Empregos em Endereço Fixo(*),7156.770159133333
189,Empregos na Própria Residência,701.2886253321105
189,Empregos Sem Endereço Fixo(**),2836.108660251755
190,Empregos em Endereço Fixo(*),14154.52732600153
190,Empregos na Própria Residência,805.2253530636467
190,Empregos Sem Endereço Fixo(**),429.78383919354866
191,Empregos em Endereço Fixo(*),8579.295407600091
191,Empregos na Própria Residência,0
191,Empregos Sem Endereço Fixo(**),107.50392
192,Empregos em Endereço Fixo(*),5068.251084041677
192,Empregos na Própria Residência,950.5438744688606
192,Empregos Sem Endereço Fixo(**),3359.3008154611894
193,Empregos em Endereço Fixo(*),5361.9736922884285
193,Empregos na Própria Residência,721.5479118486824
193,Empregos Sem Endereço Fixo(**),501.9708240370495
194,Empregos em Endereço Fixo(*),3407.99040484311
194,Empregos na Própria Residência,1000.4824707547169
194,Empregos Sem Endereço Fixo(**),443.8742504390246
195,Empregos em Endereço Fixo(*),3291.0475564477483
195,Empregos na Própria Residência,1269.80495638488
195,Empregos Sem Endereço Fixo(**),1694.3519818116845
196,Empregos em Endereço Fixo(*),3595.4751814679657
196,Empregos na Própria Residência,1618.9967697724771
196,Empregos Sem Endereço Fixo(**),3124.798256996305
197,Empregos em Endereço Fixo(*),6709.699600724888
197,Empregos na Própria Residência,463.0581737948718
197,Empregos Sem Endereço Fixo(**),590.2708880032052
198,Empregos em Endereço Fixo(*),22286.19965144695
198,Empregos na Própria Residência,516.4214800000004
198,Empregos Sem Endereço Fixo(**),1131.0359809285721
199,Empregos em Endereço Fixo(*),14771.924909644766
199,Empregos na Própria Residência,2401.7923899487178
199,Empregos Sem Endereço Fixo(**),3495.553575320327
200,Empregos em Endereço Fixo(*),4858.027146410225
200,Empregos na Própria Residência,1333.9698011783066
200,Empregos Sem Endereço Fixo(**),2970.418309563426
201,Empregos em Endereço Fixo(*),11300.524456216963
201,Empregos na Própria Residência,1573.1691975343258
201,Empregos Sem Endereço Fixo(**),3745.67309995681
202,Empregos em Endereço Fixo(*),4823.11058182985
202,Empregos na Própria Residência,1471.4154432444693
202,Empregos Sem Endereço Fixo(**),5176.349394226556
203,Empregos em Endereço Fixo(*),4357.795463805856
203,Empregos na Própria Residência,2042.327339709199
203,Empregos Sem Endereço Fixo(**),2439.656545373448
204,Empregos em Endereço Fixo(*),15437.530563671888
204,Empregos na Própria Residência,2426.836484748746
204,Empregos Sem Endereço Fixo(**),5016.020807310084
205,Empregos em Endereço Fixo(*),8630.532683734527
205,Empregos na Própria Residência,5686.909345411307
205,Empregos Sem Endereço Fixo(**),7956.017550070952
206,Empregos em Endereço Fixo(*),10985.641676631634
206,Empregos na Própria Residência,2215.554650337759
206,Empregos Sem Endereço Fixo(**),2697.268456434533
207,Empregos em Endereço Fixo(*),10206.649166513796
207,Empregos na Própria Residência,1416.1816162108696
207,Empregos Sem Endereço Fixo(**),4385.170384437253
208,Empregos em Endereço Fixo(*),23814.742612793012
208,Empregos na Própria Residência,1897.6932354969706
208,Empregos Sem Endereço Fixo(**),3129.1068409772743
209,Empregos em Endereço Fixo(*),10632.875310217249
209,Empregos na Própria Residência,1979.75783843886
209,Empregos Sem Endereço Fixo(**),307.6048922236148
210,Empregos em Endereço Fixo(*),17552.04321139438
210,Empregos na Própria Residência,2324.7162370716323
210,Empregos Sem Endereço Fixo(**),684.7051498018017
211,Empregos em Endereço Fixo(*),15156.057531137605
211,Empregos na Própria Residência,3033.206373362637
211,Empregos Sem Endereço Fixo(**),2306.570525260073
212,Empregos em Endereço Fixo(*),6272.352416318961
212,Empregos na Própria Residência,931.1245823473572
212,Empregos Sem Endereço Fixo(**),1546.0464145599278
213,Empregos em Endereço Fixo(*),17117.313275983895
213,Empregos na Própria Residência,2518.3882605000013
213,Empregos Sem Endereço Fixo(**),2209.584368007565
214,Empregos em Endereço Fixo(*),8981.212213221199
214,Empregos na Própria Residência,1923.197076361972
214,Empregos Sem Endereço Fixo(**),1485.5851099408449
215,Empregos em Endereço Fixo(*),14249.237218214143
215,Empregos na Própria Residência,843.7892967272717
215,Empregos Sem Endereço Fixo(**),3079.0016723007325
216,Empregos em Endereço Fixo(*),8039.759590129287
216,Empregos na Própria Residência,1746.2733854430353
216,Empregos Sem Endereço Fixo(**),2631.2612391728485
217,Empregos em Endereço Fixo(*),7306.802059397011
217,Empregos na Própria Residência,2497.3809966338185
217,Empregos Sem Endereço Fixo(**),1027.7875133610676
218,Empregos em Endereço Fixo(*),12726.74626971769
218,Empregos na Própria Residência,2153.0194670064775
218,Empregos Sem Endereço Fixo(**),3743.816340731577
219,Empregos em Endereço Fixo(*),8681.286839845563
219,Empregos na Própria Residência,2939.7908379661058
219,Empregos Sem Endereço Fixo(**),5554.355520131903
220,Empregos em Endereço Fixo(*),7119.595319316508
220,Empregos na Própria Residência,762.6676877785974
220,Empregos Sem Endereço Fixo(**),2849.957581696256
221,Empregos em Endereço Fixo(*),11711.895568890706
221,Empregos na Própria Residência,1612.2660366136367
221,Empregos Sem Endereço Fixo(**),4444.540647330884
222,Empregos em Endereço Fixo(*),11759.448008188969
222,Empregos na Própria Residência,2232.521239560443
222,Empregos Sem Endereço Fixo(**),2771.852238909463
223,Empregos em Endereço Fixo(*),7699.210644923512
223,Empregos na Própria Residência,1422.795336622925
223,Empregos Sem Endereço Fixo(**),1629.5901732934362
224,Empregos em Endereço Fixo(*),1818.1168354580466
224,Empregos na Própria Residência,0
224,Empregos Sem Endereço Fixo(**),0
225,Empregos em Endereço Fixo(*),8622.814495611448
225,Empregos na Própria Residência,1001.1641874074485
225,Empregos Sem Endereço Fixo(**),2367.139076573197
226,Empregos em Endereço Fixo(*),12362.335055037507
226,Empregos na Própria Residência,3011.7790197022155
226,Empregos Sem Endereço Fixo(**),5296.2729050249745
227,Empregos em Endereço Fixo(*),8113.484338091923
227,Empregos na Própria Residência,3509.505185794947
227,Empregos Sem Endereço Fixo(**),4170.438973088968
228,Empregos em Endereço Fixo(*),2261.634594684841
228,Empregos na Própria Residência,1437.7439203733188
228,Empregos Sem Endereço Fixo(**),5114.602245532445
229,Empregos em Endereço Fixo(*),20993.866629003107
229,Empregos na Própria Residência,2555.5452558309357
229,Empregos Sem Endereço Fixo(**),8343.419161853195
230,Empregos em Endereço Fixo(*),7641.370986311257
230,Empregos na Própria Residência,2687.0126248499987
230,Empregos Sem Endereço Fixo(**),3623.812233907691
231,Empregos em Endereço Fixo(*),4931.450264477102
231,Empregos na Própria Residência,886.7853355263189
231,Empregos Sem Endereço Fixo(**),2439.5436270592145
232,Empregos em Endereço Fixo(*),5690.988479663506
232,Empregos na Própria Residência,448.48656597619026
232,Empregos Sem Endereço Fixo(**),3416.3349224493495
233,Empregos em Endereço Fixo(*),7910.486013260568
233,Empregos na Própria Residência,3223.1618039679506
233,Empregos Sem Endereço Fixo(**),5523.448411551287
234,Empregos em Endereço Fixo(*),7320.1572010184045
234,Empregos na Própria Residência,2177.0614815342865
234,Empregos Sem Endereço Fixo(**),7643.056175086783
235,Empregos em Endereço Fixo(*),11472.257064791098
235,Empregos na Própria Residência,5130.148675608684
235,Empregos Sem Endereço Fixo(**),7220.233375507286
236,Empregos em Endereço Fixo(*),10320.751158095483
236,Empregos na Própria Residência,387.2421922804346
236,Empregos Sem Endereço Fixo(**),212.5441241532608
237,Empregos em Endereço Fixo(*),10571.37893116113
237,Empregos na Própria Residência,731.2696497059804
237,Empregos Sem Endereço Fixo(**),458.809390890969
238,Empregos em Endereço Fixo(*),9235.193002359443
238,Empregos na Própria Residência,357.6501924545454
238,Empregos Sem Endereço Fixo(**),1719.7728969122254
239,Empregos em Endereço Fixo(*),16313.510128562088
239,Empregos na Própria Residência,691.6808938194443
239,Empregos Sem Endereço Fixo(**),552.0262787222222
240,Empregos em Endereço Fixo(*),17124.721858400662
240,Empregos na Própria Residência,1732.4840899701626
240,Empregos Sem Endereço Fixo(**),179.6256426666667
241,Empregos em Endereço Fixo(*),10971.172741666807
241,Empregos na Própria Residência,663.2373983438213
241,Empregos Sem Endereço Fixo(**),735.089636759236
242,Empregos em Endereço Fixo(*),10202.672048286226
242,Empregos na Própria Residência,1414.581264494986
242,Empregos Sem Endereço Fixo(**),917.2686013425783
243,Empregos em Endereço Fixo(*),14543.245715851912
243,Empregos na Própria Residência,3494.5001514579058
243,Empregos Sem Endereço Fixo(**),2174.784006302202
244,Empregos em Endereço Fixo(*),5468.656087613011
244,Empregos na Própria Residência,594.495754666666
244,Empregos Sem Endereço Fixo(**),4369.477454905919
245,Empregos em Endereço Fixo(*),5154.333390443162
245,Empregos na Própria Residência,675.9710577272721
245,Empregos Sem Endereço Fixo(**),900.3426173876493
246,Empregos em Endereço Fixo(*),4981.84571765461
246,Empregos na Própria Residência,528.5221025333333
246,Empregos Sem Endereço Fixo(**),1688.4305464869776
247,Empregos em Endereço Fixo(*),14691.470120518934
247,Empregos na Própria Residência,2401.710079843978
247,Empregos Sem Endereço Fixo(**),3957.6467573006144
248,Empregos em Endereço Fixo(*),2132.409750044235
248,Empregos na Própria Residência,0
248,Empregos Sem Endereço Fixo(**),0
249,Empregos em Endereço Fixo(*),6733.78882787383
249,Empregos na Própria Residência,6077.274766314381
249,Empregos Sem Endereço Fixo(**),1870.2114667321757
250,Empregos em Endereço Fixo(*),11010.860746709088
250,Empregos na Própria Residência,713.6810027101681
250,Empregos Sem Endereço Fixo(**),1376.1346703732609
251,Empregos em Endereço Fixo(*),6019.654721724648
251,Empregos na Própria Residência,4651.218129409093
251,Empregos Sem Endereço Fixo(**),981.7219268181819
252,Empregos em Endereço Fixo(*),8418.35901081915
252,Empregos na Própria Residência,1906.4325651184802
252,Empregos Sem Endereço Fixo(**),1335.7281091564103
253,Empregos em Endereço Fixo(*),6502.438586233501
253,Empregos na Própria Residência,199.0423993456117
253,Empregos Sem Endereço Fixo(**),253.1324201827575
254,Empregos em Endereço Fixo(*),20453.750954430652
254,Empregos na Própria Residência,1133.0664932001257
254,Empregos Sem Endereço Fixo(**),530.1356189166419
255,Empregos em Endereço Fixo(*),16598.59437362126
255,Empregos na Própria Residência,1322.0223327793542
255,Empregos Sem Endereço Fixo(**),3099.2719133337982
256,Empregos em Endereço Fixo(*),7677.853624232579
256,Empregos na Própria Residência,691.0356695726493
256,Empregos Sem Endereço Fixo(**),1100.1634191794867
257,Empregos em Endereço Fixo(*),5074.571472756353
257,Empregos na Própria Residência,1821.1300793913067
257,Empregos Sem Endereço Fixo(**),1257.3516978692553
258,Empregos em Endereço Fixo(*),14099.717801934024
258,Empregos na Própria Residência,714.323054597015
258,Empregos Sem Endereço Fixo(**),1171.79827170407
259,Empregos em Endereço Fixo(*),4320.604726429281
259,Empregos na Própria Residência,2886.692857865862
259,Empregos Sem Endereço Fixo(**),3550.230307346857
260,Empregos em Endereço Fixo(*),3847.9657685966986
260,Empregos na Própria Residência,2362.658259078433
260,Empregos Sem Endereço Fixo(**),2692.5424582142255
261,Empregos em Endereço Fixo(*),8710.946874749045
261,Empregos na Própria Residência,849.4214145935854
261,Empregos Sem Endereço Fixo(**),2457.9843807452053
262,Empregos em Endereço Fixo(*),10329.010597989842
262,Empregos na Própria Residência,1348.0955303384621
262,Empregos Sem Endereço Fixo(**),7614.763864851286
263,Empregos em Endereço Fixo(*),10573.684686743067
263,Empregos na Própria Residência,1595.3759202947374
263,Empregos Sem Endereço Fixo(**),3202.9685593898885
264,Empregos em Endereço Fixo(*),18884.069060828075
264,Empregos na Própria Residência,457.07210530097154
264,Empregos Sem Endereço Fixo(**),2396.513390074343
265,Empregos em Endereço Fixo(*),10813.05730981857
265,Empregos na Própria Residência,2394.2662191442337
265,Empregos Sem Endereço Fixo(**),2649.060689423078
266,Empregos em Endereço Fixo(*),3646.054667335903
266,Empregos na Própria Residência,1229.808721188954
266,Empregos Sem Endereço Fixo(**),1528.866226090117
267,Empregos em Endereço Fixo(*),8621.975777696513
267,Empregos na Própria Residência,448.6797186976913
267,Empregos Sem Endereço Fixo(**),1178.870159385282
268,Empregos em Endereço Fixo(*),9120.739785852862
268,Empregos na Própria Residência,1509.0685232774363
268,Empregos Sem Endereço Fixo(**),436.95731868719474
269,Empregos em Endereço Fixo(*),15934.855441134901
269,Empregos na Própria Residência,1331.235214875899
269,Empregos Sem Endereço Fixo(**),1087.530115316314
270,Empregos em Endereço Fixo(*),8601.046795698601
270,Empregos na Própria Residência,412.52891179417077
270,Empregos Sem Endereço Fixo(**),798.2892785475907
271,Empregos em Endereço Fixo(*),13426.094928382783
271,Empregos na Própria Residência,0
271,Empregos Sem Endereço Fixo(**),0
272,Empregos em Endereço Fixo(*),10993.976556928534
272,Empregos na Própria Residência,683.4325036571431
272,Empregos Sem Endereço Fixo(**),1350.3783642571439
273,Empregos em Endereço Fixo(*),15387.709460429374
273,Empregos na Própria Residência,5692.289175416416
273,Empregos Sem Endereço Fixo(**),5997.652475877457
274,Empregos em Endereço Fixo(*),30398.818854802146
274,Empregos na Própria Residência,1927.9323160256422
274,Empregos Sem Endereço Fixo(**),2062.5891062756423
275,Empregos em Endereço Fixo(*),20095.64742934798
275,Empregos na Própria Residência,3434.268081153239
275,Empregos Sem Endereço Fixo(**),857.8372828048982
276,Empregos em Endereço Fixo(*),9997.268149829837
276,Empregos na Própria Residência,4143.078122190627
276,Empregos Sem Endereço Fixo(**),9250.782898431426
277,Empregos em Endereço Fixo(*),18555.02584395234
277,Empregos na Própria Residência,3553.9410729944616
277,Empregos Sem Endereço Fixo(**),4180.379778983931
278,Empregos em Endereço Fixo(*),10881.455542964413
278,Empregos na Própria Residência,2608.7577176633417
278,Empregos Sem Endereço Fixo(**),8176.154230553807
279,Empregos em Endereço Fixo(*),10840.63439787754
279,Empregos na Própria Residência,2978.43525519357
279,Empregos Sem Endereço Fixo(**),4019.912455613512
280,Empregos em Endereço Fixo(*),25191.30822269968
280,Empregos na Própria Residência,2144.308676482681
280,Empregos Sem Endereço Fixo(**),831.8464191729795
281,Empregos em Endereço Fixo(*),15376.957710111927
281,Empregos na Própria Residência,2911.6140771588457
281,Empregos Sem Endereço Fixo(**),1181.762857541793
282,Empregos em Endereço Fixo(*),18369.298843808254
282,Empregos na Própria Residência,1397.671512166668
282,Empregos Sem Endereço Fixo(**),3035.5287490175456
283,Empregos em Endereço Fixo(*),2945.176938498776
283,Empregos na Própria Residência,316.17226200382675
283,Empregos Sem Endereço Fixo(**),427.7382413539989
284,Empregos em Endereço Fixo(*),8849.680934910317
284,Empregos na Própria Residência,484.0435351171924
284,Empregos Sem Endereço Fixo(**),3683.1256911149057
285,Empregos em Endereço Fixo(*),19387.556632673797
285,Empregos na Própria Residência,2312.0576939486828
285,Empregos Sem Endereço Fixo(**),5686.2391030835315
286,Empregos em Endereço Fixo(*),19156.832525956273
286,Empregos na Própria Residência,92.6285642216802
286,Empregos Sem Endereço Fixo(**),91.71761224390244
287,Empregos em Endereço Fixo(*),13158.099555871147
287,Empregos na Própria Residência,764.8041676971187
287,Empregos Sem Endereço Fixo(**),808.877780438764
288,Empregos em Endereço Fixo(*),6400.397199778129
288,Empregos na Própria Residência,779.7074822540218
288,Empregos Sem Endereço Fixo(**),1669.7410629306787
289,Empregos em Endereço Fixo(*),16472.410294190166
289,Empregos na Própria Residência,1624.2665097708891
289,Empregos Sem Endereço Fixo(**),2968.601188627053
290,Empregos em Endereço Fixo(*),4457.891666079154
290,Empregos na Própria Residência,2678.2113760588236
290,Empregos Sem Endereço Fixo(**),2579.2825695000006
291,Empregos em Endereço Fixo(*),10352.04563866205
291,Empregos na Própria Residência,2792.633340453121
291,Empregos Sem Endereço Fixo(**),4925.640476572433
292,Empregos em Endereço Fixo(*),7507.110652745388
292,Empregos na Própria Residência,885.0452082000002
292,Empregos Sem Endereço Fixo(**),2254.780849626191
293,Empregos em Endereço Fixo(*),20752.600151294206
293,Empregos na Própria Residência,3065.8553901098935
293,Empregos Sem Endereço Fixo(**),3360.983632007239
294,Empregos em Endereço Fixo(*),8895.370189066478
294,Empregos na Própria Residência,4387.972858992766
294,Empregos Sem Endereço Fixo(**),1776.4735714075186
295,Empregos em Endereço Fixo(*),5737.882254716034
295,Empregos na Própria Residência,7326.205464371877
295,Empregos Sem Endereço Fixo(**),6520.440070846668
296,Empregos em Endereço Fixo(*),1033.8648205115012
296,Empregos na Própria Residência,381.1797746129032
296,Empregos Sem Endereço Fixo(**),182.37816382258066
297,Empregos em Endereço Fixo(*),521.6964987333624
297,Empregos na Própria Residência,34.23357558590734
297,Empregos Sem Endereço Fixo(**),242.56945368819595
298,Empregos em Endereço Fixo(*),15446.863159676059
298,Empregos na Própria Residência,3570.20957074649
298,Empregos Sem Endereço Fixo(**),8651.036614584735
299,Empregos em Endereço Fixo(*),1625.8512398071794
299,Empregos na Própria Residência,0
299,Empregos Sem Endereço Fixo(**),559.975594308511
300,Empregos em Endereço Fixo(*),98524.8286129529
300,Empregos na Própria Residência,1503.5482198705754
300,Empregos Sem Endereço Fixo(**),1014.0334006261103
301,Empregos em Endereço Fixo(*),15821.631376275325
301,Empregos na Própria Residência,1124.9749691711193
301,Empregos Sem Endereço Fixo(**),1287.0798602679824
302,Empregos em Endereço Fixo(*),27632.183444068745
302,Empregos na Própria Residência,895.3425222321424
302,Empregos Sem Endereço Fixo(**),1173.984486653206
303,Empregos em Endereço Fixo(*),27700.706207502146
303,Empregos na Própria Residência,633.9944868635057
303,Empregos Sem Endereço Fixo(**),362.1629868873631
304,Empregos em Endereço Fixo(*),28180.84286834503
304,Empregos na Própria Residência,2133.276196308176
304,Empregos Sem Endereço Fixo(**),4516.040365726084
305,Empregos em Endereço Fixo(*),15498.484646271561
305,Empregos na Própria Residência,3993.031997102288
305,Empregos Sem Endereço Fixo(**),6791.147565982256
306,Empregos em Endereço Fixo(*),10354.677584650102
306,Empregos na Própria Residência,6335.5885267867725
306,Empregos Sem Endereço Fixo(**),2597.4531372058846
307,Empregos em Endereço Fixo(*),13194.167288814133
307,Empregos na Própria Residência,1848.4008481311464
307,Empregos Sem Endereço Fixo(**),9103.617444761961
308,Empregos em Endereço Fixo(*),5769.003160422512
308,Empregos na Própria Residência,178.43825546511593
308,Empregos Sem Endereço Fixo(**),2337.578178389143
309,Empregos em Endereço Fixo(*),4795.82502671606
309,Empregos na Própria Residência,2347.72721746278
309,Empregos Sem Endereço Fixo(**),5272.962148992041
310,Empregos em Endereço Fixo(*),5032.727656465545
310,Empregos na Própria Residência,1524.86844919271
310,Empregos Sem Endereço Fixo(**),1732.1129769184047
311,Empregos em Endereço Fixo(*),10129.15360807426
311,Empregos na Própria Residência,1166.60487586928
311,Empregos Sem Endereço Fixo(**),5268.741937568622
312,Empregos em Endereço Fixo(*),10713.893073921903
312,Empregos na Própria Residência,2713.1740261675113
312,Empregos Sem Endereço Fixo(**),1300.7383497041774
313,Empregos em Endereço Fixo(*),3118.4515643706823
313,Empregos na Própria Residência,573.9713567622475
313,Empregos Sem Endereço Fixo(**),1374.2683250750572
314,Empregos em Endereço Fixo(*),15733.858616845971
314,Empregos na Própria Residência,6079.97494665446
314,Empregos Sem Endereço Fixo(**),5962.755296951211
315,Empregos em Endereço Fixo(*),15418.419399320801
315,Empregos na Própria Residência,5138.692019715649
315,Empregos Sem Endereço Fixo(**),10545.098201337969
316,Empregos em Endereço Fixo(*),12938.966854479882
316,Empregos na Própria Residência,634.0888751579398
316,Empregos Sem Endereço Fixo(**),344.671412588554
317,Empregos em Endereço Fixo(*),6868.850383885074
317,Empregos na Própria Residência,679.4253552521707
317,Empregos Sem Endereço Fixo(**),169.5230138492745
318,Empregos em Endereço Fixo(*),11424.662597194525
318,Empregos na Própria Residência,810.0416646359031
318,Empregos Sem Endereço Fixo(**),811.6574129921189
319,Empregos em Endereço Fixo(*),19175.712797588385
319,Empregos na Própria Residência,682.4463379171453
319,Empregos Sem Endereço Fixo(**),545.4798456085732
320,Empregos em Endereço Fixo(*),5782.947287686814
320,Empregos na Própria Residência,3162.641348555327
320,Empregos Sem Endereço Fixo(**),3156.689682518937
321,Empregos em Endereço Fixo(*),18890.571892777243
321,Empregos na Própria Residência,1605.9767416929435
321,Empregos Sem Endereço Fixo(**),2848.183975888224
322,Empregos em Endereço Fixo(*),17251.299162435727
322,Empregos na Própria Residência,2205.5590127218043
322,Empregos Sem Endereço Fixo(**),1317.9078147653163
323,Empregos em Endereço Fixo(*),3455.6476265205747
323,Empregos na Própria Residência,2513.751026881056
323,Empregos Sem Endereço Fixo(**),5018.555095105331
324,Empregos em Endereço Fixo(*),13558.660103043629
324,Empregos na Própria Residência,6507.148263649943
324,Empregos Sem Endereço Fixo(**),2474.209060629005
325,Empregos em Endereço Fixo(*),7997.82348575755
325,Empregos na Própria Residência,1015.8505081230776
325,Empregos Sem Endereço Fixo(**),2275.1534211954913
326,Empregos em Endereço Fixo(*),4102.861290398767
326,Empregos na Própria Residência,1251.7200614273502
326,Empregos Sem Endereço Fixo(**),6041.831358910442
327,Empregos em Endereço Fixo(*),4130.598064669954
327,Empregos na Própria Residência,1004.5945132690165
327,Empregos Sem Endereço Fixo(**),1399.6105886942742
328,Empregos em Endereço Fixo(*),12434.198253251021
328,Empregos na Própria Residência,1700.089439990848
328,Empregos Sem Endereço Fixo(**),1101.0454043322754
329,Empregos em Endereço Fixo(*),17039.135035301693
329,Empregos na Própria Residência,2009.0389959600793
329,Empregos Sem Endereço Fixo(**),2288.1989656259548
330,Empregos em Endereço Fixo(*),7850.151325780766
330,Empregos na Própria Residência,2804.265296031745
330,Empregos Sem Endereço Fixo(**),3234.7675555858577
331,Empregos em Endereço Fixo(*),9494.591934873994
331,Empregos na Própria Residência,893.3117522765086
331,Empregos Sem Endereço Fixo(**),2779.4499028608757
332,Empregos em Endereço Fixo(*),9696.664873159101
332,Empregos na Própria Residência,1728.7456664836366
332,Empregos Sem Endereço Fixo(**),1878.4233532509093
333,Empregos em Endereço Fixo(*),6946.061643000466
333,Empregos na Própria Residência,242.20751914893629
333,Empregos Sem Endereço Fixo(**),1392.0054915904252
334,Empregos em Endereço Fixo(*),10460.795194299168
334,Empregos na Própria Residência,1371.4183240588238
334,Empregos Sem Endereço Fixo(**),3548.5460333999995
335,Empregos em Endereço Fixo(*),7145.694244549518
335,Empregos na Própria Residência,1560.9648793749993
335,Empregos Sem Endereço Fixo(**),1407.4436224980761
336,Empregos em Endereço Fixo(*),7483.759258557929
336,Empregos na Própria Residência,1798.3290778865578
336,Empregos Sem Endereço Fixo(**),1034.6952658732403
337,Empregos em Endereço Fixo(*),12523.139212513373
337,Empregos na Própria Residência,1636.8416510227216
337,Empregos Sem Endereço Fixo(**),1095.3929973881163
338,Empregos em Endereço Fixo(*),20054.25752871676
338,Empregos na Própria Residência,430.4468267853106
338,Empregos Sem Endereço Fixo(**),1221.843697957571
339,Empregos em Endereço Fixo(*),26884.725540325984
339,Empregos na Própria Residência,0
339,Empregos Sem Endereço Fixo(**),0
340,Empregos em Endereço Fixo(*),12381.396215691258
340,Empregos na Própria Residência,854.2739289571451
340,Empregos Sem Endereço Fixo(**),367.4914946487852
341,Empregos em Endereço Fixo(*),8069.274481020489
341,Empregos na Própria Residência,474.27201767318354
341,Empregos Sem Endereço Fixo(**),246.569594634907
342,Empregos em Endereço Fixo(*),10445.127073774967
342,Empregos na Própria Residência,1706.3403162426837
342,Empregos Sem Endereço Fixo(**),2715.7703162030034
343,Empregos em Endereço Fixo(*),427.46239052631586
343,Empregos na Própria Residência,0
343,Empregos Sem Endereço Fixo(**),147.34302888888885
344,Empregos em Endereço Fixo(*),23603.856558858573
344,Empregos na Própria Residência,1683.597650404599
344,Empregos Sem Endereço Fixo(**),2717.1811796340867
345,Empregos em Endereço Fixo(*),6711.080261070753
345,Empregos na Própria Residência,949.136458726414
345,Empregos Sem Endereço Fixo(**),2180.2113207169796
346,Empregos em Endereço Fixo(*),378.6496233742135
346,Empregos na Própria Residência,0
346,Empregos Sem Endereço Fixo(**),0
347,Empregos em Endereço Fixo(*),23617.426341457907
347,Empregos na Própria Residência,518.4691907532462
347,Empregos Sem Endereço Fixo(**),3805.0764942448895
348,Empregos em Endereço Fixo(*),2203.1335647895476
348,Empregos na Própria Residência,218.7790343492932
348,Empregos Sem Endereço Fixo(**),372.6487294324955
349,Empregos em Endereço Fixo(*),257.9665313511863
349,Empregos na Própria Residência,0
349,Empregos Sem Endereço Fixo(**),0
350,Empregos em Endereço Fixo(*),8042.919281677969
350,Empregos na Própria Residência,649.1673397846147
350,Empregos Sem Endereço Fixo(**),1135.1299263300698
351,Empregos em Endereço Fixo(*),8895.084298066531
351,Empregos na Própria Residência,2927.665252289799
351,Empregos Sem Endereço Fixo(**),3403.207275388569
352,Empregos em Endereço Fixo(*),4932.905206807514
352,Empregos na Própria Residência,0
352,Empregos Sem Endereço Fixo(**),0
353,Empregos em Endereço Fixo(*),476.2325470772809
353,Empregos na Própria Residência,0
353,Empregos Sem Endereço Fixo(**),0
354,Empregos em Endereço Fixo(*),434.72078670769264
354,Empregos na Própria Residência,0
354,Empregos Sem Endereço Fixo(**),0
355,Empregos em Endereço Fixo(*),12746.50459115533
355,Empregos na Própria Residência,1759.72880535294
355,Empregos Sem Endereço Fixo(**),3109.5098198792316
356,Empregos em Endereço Fixo(*),7040.156634717513
356,Empregos na Própria Residência,2036.959146768288
356,Empregos Sem Endereço Fixo(**),5233.8626460482465
357,Empregos em Endereço Fixo(*),306.474908381097
357,Empregos na Própria Residência,0
357,Empregos Sem Endereço Fixo(**),484.68375541860433
358,Empregos em Endereço Fixo(*),8283.86475984194
358,Empregos na Própria Residência,1936.9409370117162
358,Empregos Sem Endereço Fixo(**),4137.52575329238
359,Empregos em Endereço Fixo(*),4074.5175111368003
359,Empregos na Própria Residência,629.86380526882
359,Empregos Sem Endereço Fixo(**),3546.533834666905
360,Empregos em Endereço Fixo(*),6209.3979040301565
360,Empregos na Própria Residência,1521.1333289890963
360,Empregos Sem Endereço Fixo(**),2191.490230837245
361,Empregos em Endereço Fixo(*),2299.376469384286
361,Empregos na Própria Residência,532.3109859413017
361,Empregos Sem Endereço Fixo(**),2003.196797612727
362,Empregos em Endereço Fixo(*),29465.473802740056
362,Empregos na Própria Residência,226.11173055844162
362,Empregos Sem Endereço Fixo(**),572.5814236909979
363,Empregos em Endereço Fixo(*),31042.597686173132
363,Empregos na Própria Residência,980.6530917412281
363,Empregos Sem Endereço Fixo(**),2762.22150733114
364,Empregos em Endereço Fixo(*),25914.252747973616
364,Empregos na Própria Residência,490.9973062084024
364,Empregos Sem Endereço Fixo(**),659.806400858822
365,Empregos em Endereço Fixo(*),16109.460945211173
365,Empregos na Própria Residência,132.99571273968098
365,Empregos Sem Endereço Fixo(**),210.3922249113969
366,Empregos em Endereço Fixo(*),34633.777286530814
366,Empregos na Própria Residência,1269.0866532105329
366,Empregos Sem Endereço Fixo(**),1745.6835182103882
367,Empregos em Endereço Fixo(*),7999.119031989733
367,Empregos na Própria Residência,1462.1504927353144
367,Empregos Sem Endereço Fixo(**),1929.622897621208
368,Empregos em Endereço Fixo(*),20613.047636742696
368,Empregos na Própria Residência,212.33434382978734
368,Empregos Sem Endereço Fixo(**),0
369,Empregos em Endereço Fixo(*),17407.56926887289
369,Empregos na Própria Residência,1506.0362313066455
369,Empregos Sem Endereço Fixo(**),2271.130473774114
370,Empregos em Endereço Fixo(*),24200.12489137064
370,Empregos na Própria Residência,1342.4656026087964
370,Empregos Sem Endereço Fixo(**),6918.564515328706
371,Empregos em Endereço Fixo(*),7354.1629921142685
371,Empregos na Própria Residência,1003.5551084401707
371,Empregos Sem Endereço Fixo(**),1619.0076473675206
372,Empregos em Endereço Fixo(*),11332.581890231124
372,Empregos na Própria Residência,1628.7573976814515
372,Empregos Sem Endereço Fixo(**),954.7356247177415
373,Empregos em Endereço Fixo(*),14581.402809925425
373,Empregos na Própria Residência,2463.987337102609
373,Empregos Sem Endereço Fixo(**),3541.353866373198
374,Empregos em Endereço Fixo(*),17785.794545867277
374,Empregos na Própria Residência,0
374,Empregos Sem Endereço Fixo(**),0
375,Empregos em Endereço Fixo(*),23203.120327586767
375,Empregos na Própria Residência,3162.614983548353
375,Empregos Sem Endereço Fixo(**),5413.905863951114
376,Empregos em Endereço Fixo(*),15123.076135702544
376,Empregos na Própria Residência,2062.415844627823
376,Empregos Sem Endereço Fixo(**),2632.9484255922384
377,Empregos em Endereço Fixo(*),43557.701771361506
377,Empregos na Própria Residência,7775.662077446746
377,Empregos Sem Endereço Fixo(**),5653.02982292116
378,Empregos em Endereço Fixo(*),30991.63377346222
378,Empregos na Própria Residência,2111.475083205883
378,Empregos Sem Endereço Fixo(**),5565.051313725492
379,Empregos em Endereço Fixo(*),9517.06320579404
379,Empregos na Própria Residência,3071.815620570235
379,Empregos Sem Endereço Fixo(**),647.4605501999997
380,Empregos em Endereço Fixo(*),9551.546406229712
380,Empregos na Própria Residência,2043.7866864637704
380,Empregos Sem Endereço Fixo(**),5891.781573401924
381,Empregos em Endereço Fixo(*),0
381,Empregos na Própria Residência,0
381,Empregos Sem Endereço Fixo(**),0
382,Empregos em Endereço Fixo(*),11752.57098162734
382,Empregos na Própria Residência,4450.050124795685
382,Empregos Sem Endereço Fixo(**),2341.975550967887
383,Empregos em Endereço Fixo(*),11059.812343544367
383,Empregos na Própria Residência,1292.6586731030768
383,Empregos Sem Endereço Fixo(**),2405.4069604399997
384,Empregos em Endereço Fixo(*),5350.018720879887
384,Empregos na Própria Residência,585.3053299672133
384,Empregos Sem Endereço Fixo(**),3102.469612530552
385,Empregos em Endereço Fixo(*),452.0472590649344
385,Empregos na Própria Residência,0
385,Empregos Sem Endereço Fixo(**),0
386,Empregos em Endereço Fixo(*),3350.844492457318
386,Empregos na Própria Residência,562.7852638571422
386,Empregos Sem Endereço Fixo(**),245.1640612142855
387,Empregos em Endereço Fixo(*),24765.663422304286
387,Empregos na Própria Residência,1927.1519973722352
387,Empregos Sem Endereço Fixo(**),3849.4196293645996
388,Empregos em Endereço Fixo(*),2329.6596057352876
388,Empregos na Própria Residência,183.03915729333337
388,Empregos Sem Endereço Fixo(**),668.0151801831579
389,Empregos em Endereço Fixo(*),11768.609141664805
389,Empregos na Própria Residência,2579.860751814588
389,Empregos Sem Endereço Fixo(**),2557.780050162613
390,Empregos em Endereço Fixo(*),1027.1989005825267
390,Empregos na Própria Residência,383.2346764417812
390,Empregos Sem Endereço Fixo(**),1309.8284450038423
391,Empregos em Endereço Fixo(*),11999.412208325126
391,Empregos na Própria Residência,974.8530578857627
391,Empregos Sem Endereço Fixo(**),6132.7008404363805
392,Empregos em Endereço Fixo(*),485.3672969497492
392,Empregos na Própria Residência,0
392,Empregos Sem Endereço Fixo(**),0
393,Empregos em Endereço Fixo(*),15947.098167441796
393,Empregos na Própria Residência,1196.3044215473114
393,Empregos Sem Endereço Fixo(**),7638.744255429612
394,Empregos em Endereço Fixo(*),1739.1495546834667
394,Empregos na Própria Residência,789.3657473715366
394,Empregos Sem Endereço Fixo(**),1490.8286039543502
395,Empregos em Endereço Fixo(*),26551.51822917934
395,Empregos na Própria Residência,2163.824943050843
395,Empregos Sem Endereço Fixo(**),1775.9712498163815
396,Empregos em Endereço Fixo(*),16152.88588389753
396,Empregos na Própria Residência,4239.112303753877
396,Empregos Sem Endereço Fixo(**),9064.957758266584
397,Empregos em Endereço Fixo(*),18989.796256337184
397,Empregos na Própria Residência,1724.0055236961264
397,Empregos Sem Endereço Fixo(**),3445.6864195751964
398,Empregos em Endereço Fixo(*),16790.830127304318
398,Empregos na Própria Residência,2703.9730392458096
398,Empregos Sem Endereço Fixo(**),3920.361194040127
399,Empregos em Endereço Fixo(*),6250.91250820503
399,Empregos na Própria Residência,728.3865318788045
399,Empregos Sem Endereço Fixo(**),4869.965247031825
400,Empregos em Endereço Fixo(*),22038.023735418257
400,Empregos na Própria Residência,1884.4480537743038
400,Empregos Sem Endereço Fixo(**),7827.78803026547
401,Empregos em Endereço Fixo(*),38777.044335411745
401,Empregos na Própria Residência,6424.643224270385
401,Empregos Sem Endereço Fixo(**),9513.596050602844
402,Empregos em Endereço Fixo(*),2955.5050794686417
402,Empregos na Própria Residência,596.6655583720919
402,Empregos Sem Endereço Fixo(**),1828.1144904134349
403,Empregos em Endereço Fixo(*),1843.3779537087873
403,Empregos na Própria Residência,941.6310774772486
403,Empregos Sem Endereço Fixo(**),1123.2618480952121
404,Empregos em Endereço Fixo(*),41412.05653798796
404,Empregos na Própria Residência,4956.896875978294
404,Empregos Sem Endereço Fixo(**),4364.325222964143
405,Empregos em Endereço Fixo(*),16384.931390846774
405,Empregos na Própria Residência,1657.3785749268288
405,Empregos Sem Endereço Fixo(**),1137.4047829756087
406,Empregos em Endereço Fixo(*),18005.218681482365
406,Empregos na Própria Residência,1979.535235219571
406,Empregos Sem Endereço Fixo(**),2465.9400880828075
407,Empregos em Endereço Fixo(*),16769.099542959328
407,Empregos na Própria Residência,4102.479710430397
407,Empregos Sem Endereço Fixo(**),7884.846306476078
408,Empregos em Endereço Fixo(*),10141.326913809888
408,Empregos na Própria Residência,3783.2905712849047
408,Empregos Sem Endereço Fixo(**),2352.824888026928
409,Empregos em Endereço Fixo(*),2109.8837293238844
409,Empregos na Própria Residência,622.2249503675721
409,Empregos Sem Endereço Fixo(**),1249.1750493920642
410,Empregos em Endereço Fixo(*),5034.684910847552
410,Empregos na Própria Residência,557.0515565457578
410,Empregos Sem Endereço Fixo(**),717.033723104762
411,Empregos em Endereço Fixo(*),3944.1255013858827
411,Empregos na Própria Residência,567.3146490104341
411,Empregos Sem Endereço Fixo(**),755.0289456496653
412,Empregos em Endereço Fixo(*),8614.09085966768
412,Empregos na Própria Residência,1563.2901820494512
412,Empregos Sem Endereço Fixo(**),1036.3127680494508
413,Empregos em Endereço Fixo(*),2676.3419151653193
413,Empregos na Própria Residência,1820.3924288083324
413,Empregos Sem Endereço Fixo(**),1672.6012837138883
414,Empregos em Endereço Fixo(*),5110.1022760748065
414,Empregos na Própria Residência,3063.359370835309
414,Empregos Sem Endereço Fixo(**),1019.092244161787
415,Empregos em Endereço Fixo(*),2619.654252169135
415,Empregos na Própria Residência,656.6842405818184
415,Empregos Sem Endereço Fixo(**),523.2495342680761
416,Empregos em Endereço Fixo(*),7197.808970399688
416,Empregos na Própria Residência,1209.2422505794043
416,Empregos Sem Endereço Fixo(**),1793.67686838677
417,Empregos em Endereço Fixo(*),19430.332978594215
417,Empregos na Própria Residência,2303.306679907896
417,Empregos Sem Endereço Fixo(**),2495.4810300000013
418,Empregos em Endereço Fixo(*),11065.140679020322
418,Empregos na Própria Residência,1684.690329846154
418,Empregos Sem Endereço Fixo(**),1428.0676860207905
419,Empregos em Endereço Fixo(*),14276.741497587513
419,Empregos na Própria Residência,1685.5280024636718
419,Empregos Sem Endereço Fixo(**),1952.6620147508024
420,Empregos em Endereço Fixo(*),8695.488632141469
420,Empregos na Própria Residência,249.0616736559139
420,Empregos Sem Endereço Fixo(**),161.33958709677418
421,Empregos em Endereço Fixo(*),37136.2371539361
421,Empregos na Própria Residência,1007.4270166415324
421,Empregos Sem Endereço Fixo(**),1262.057338132414
422,Empregos em Endereço Fixo(*),76975.99364847678
422,Empregos na Própria Residência,3087.671507464046
422,Empregos Sem Endereço Fixo(**),2628.723924618853
423,Empregos em Endereço Fixo(*),7271.640530050365
423,Empregos na Própria Residência,882.4722035826703
423,Empregos Sem Endereço Fixo(**),1536.3720235826704
424,Empregos em Endereço Fixo(*),8648.536784099822
424,Empregos na Própria Residência,1208.5850264231583
424,Empregos Sem Endereço Fixo(**),1043.4716065115792
425,Empregos em Endereço Fixo(*),4240.977860281812
425,Empregos na Própria Residência,994.9516526305215
425,Empregos Sem Endereço Fixo(**),1644.9878564982564
426,Empregos em Endereço Fixo(*),14483.6280192132
426,Empregos na Própria Residência,661.2871914502671
426,Empregos Sem Endereço Fixo(**),1044.9582207887697
427,Empregos em Endereço Fixo(*),12939.219158890055
427,Empregos na Própria Residência,1623.3337032666655
427,Empregos Sem Endereço Fixo(**),1947.9791449333325
428,Empregos em Endereço Fixo(*),11051.512985679918
428,Empregos na Própria Residência,204.43850545945912
428,Empregos Sem Endereço Fixo(**),918.8791058314245
429,Empregos em Endereço Fixo(*),9409.964864572328
429,Empregos na Própria Residência,2218.295907616699
429,Empregos Sem Endereço Fixo(**),4430.269995480585
430,Empregos em Endereço Fixo(*),8945.509267490215
430,Empregos na Própria Residência,1039.6816102745101
430,Empregos Sem Endereço Fixo(**),2543.4117730148328
431,Empregos em Endereço Fixo(*),22429.471119004742
431,Empregos na Própria Residência,5699.853445154459
431,Empregos Sem Endereço Fixo(**),4371.309617556062
432,Empregos em Endereço Fixo(*),26019.132275867472
432,Empregos na Própria Residência,1230.224526127662
432,Empregos Sem Endereço Fixo(**),8514.26432211325
433,Empregos em Endereço Fixo(*),8316.012524972588
433,Empregos na Própria Residência,1901.8854178364327
433,Empregos Sem Endereço Fixo(**),9730.027248914776
434,Empregos em Endereço Fixo(*),994.9388604494732
434,Empregos na Própria Residência,93.54374939689575
434,Empregos Sem Endereço Fixo(**),205.1617577937915
435,Empregos em Endereço Fixo(*),29270.245084523205
435,Empregos na Própria Residência,2073.1712891706943
435,Empregos Sem Endereço Fixo(**),1440.5651538098623
436,Empregos em Endereço Fixo(*),39808.93466563375
436,Empregos na Própria Residência,5645.671205330856
436,Empregos Sem Endereço Fixo(**),11679.500982354848
437,Empregos em Endereço Fixo(*),15522.887124361727
437,Empregos na Própria Residência,5284.122422017993
437,Empregos Sem Endereço Fixo(**),16363.990592984594
438,Empregos em Endereço Fixo(*),12017.617858707748
438,Empregos na Própria Residência,3647.4048176492147
438,Empregos Sem Endereço Fixo(**),4696.883292508993
439,Empregos em Endereço Fixo(*),1524.521227860962
439,Empregos na Própria Residência,315.6867224024766
439,Empregos Sem Endereço Fixo(**),1051.6235925000003
440,Empregos em Endereço Fixo(*),24052.021602159373
440,Empregos na Própria Residência,2950.7079358142846
440,Empregos Sem Endereço Fixo(**),5147.507332714283
441,Empregos em Endereço Fixo(*),2338.724011169588
441,Empregos na Própria Residência,346.0740964451529
441,Empregos Sem Endereço Fixo(**),698.8414794841833
442,Empregos em Endereço Fixo(*),2040.8914154934848
442,Empregos na Própria Residência,926.0027733600007
442,Empregos Sem Endereço Fixo(**),713.4599951277355
443,Empregos em Endereço Fixo(*),1584.5955706942145
443,Empregos na Própria Residência,252.7826836613823
443,Empregos Sem Endereço Fixo(**),1011.1307346455291
444,Empregos em Endereço Fixo(*),2756.6196514094718
444,Empregos na Própria Residência,596.5150386612795
444,Empregos Sem Endereço Fixo(**),2277.804875797056
445,Empregos em Endereço Fixo(*),30865.480868742554
445,Empregos na Própria Residência,4821.406552458932
445,Empregos Sem Endereço Fixo(**),1970.9054999652383
446,Empregos em Endereço Fixo(*),30523.285505295236
446,Empregos na Própria Residência,2732.8253469040387
446,Empregos Sem Endereço Fixo(**),3519.765316646463
447,Empregos em Endereço Fixo(*),22771.0344459528
447,Empregos na Própria Residência,1924.567103580443
447,Empregos Sem Endereço Fixo(**),368.23481143298955
448,Empregos em Endereço Fixo(*),29021.057985205487
448,Empregos na Própria Residência,656.7458966750004
448,Empregos Sem Endereço Fixo(**),1808.7356425052644
449,Empregos em Endereço Fixo(*),65492.50054814754
449,Empregos na Própria Residência,3171.5087013296
449,Empregos Sem Endereço Fixo(**),2996.5719482171353
450,Empregos em Endereço Fixo(*),31045.424347788165
450,Empregos na Própria Residência,2362.7420299285986
450,Empregos Sem Endereço Fixo(**),9128.000879971192
451,Empregos em Endereço Fixo(*),27751.518031739986
451,Empregos na Própria Residência,4655.846814455514
451,Empregos Sem Endereço Fixo(**),7716.307542931984
452,Empregos em Endereço Fixo(*),8503.407095524328
452,Empregos na Própria Residência,1678.207528152006
452,Empregos Sem Endereço Fixo(**),1179.7927258478667
453,Empregos em Endereço Fixo(*),4506.131512298838
453,Empregos na Própria Residência,1452.4321564444144
453,Empregos Sem Endereço Fixo(**),330.81601348412374
454,Empregos em Endereço Fixo(*),31905.352998114173
454,Empregos na Própria Residência,7709.149975483782
454,Empregos Sem Endereço Fixo(**),7514.721835187114
455,Empregos em Endereço Fixo(*),36589.644792632396
455,Empregos na Própria Residência,3297.375644036503
455,Empregos Sem Endereço Fixo(**),5543.486876753184
456,Empregos em Endereço Fixo(*),22387.59376719546
456,Empregos na Própria Residência,5381.6738536759185
456,Empregos Sem Endereço Fixo(**),4178.497524013886
457,Empregos em Endereço Fixo(*),40141.34090541443
457,Empregos na Própria Residência,4801.406861596253
457,Empregos Sem Endereço Fixo(**),5705.969615156972
458,Empregos em Endereço Fixo(*),13808.381150222118
458,Empregos na Própria Residência,3670.7600173051155
458,Empregos Sem Endereço Fixo(**),1947.7711275259178
459,Empregos em Endereço Fixo(*),8543.493397478202
459,Empregos na Própria Residência,2034.4096940203026
459,Empregos Sem Endereço Fixo(**),2522.8169514591764
460,Empregos em Endereço Fixo(*),26899.18662274378
460,Empregos na Própria Residência,3143.009649017545
460,Empregos Sem Endereço Fixo(**),3308.8215288138854
461,Empregos em Endereço Fixo(*),9469.561570551305
461,Empregos na Própria Residência,337.5584489629632
461,Empregos Sem Endereço Fixo(**),5081.784610210721
462,Empregos em Endereço Fixo(*),11437.190606156559
462,Empregos na Própria Residência,1335.051253011952
462,Empregos Sem Endereço Fixo(**),5020.863246049987
463,Empregos em Endereço Fixo(*),13450.933010896044
463,Empregos na Própria Residência,613.3822827710836
463,Empregos Sem Endereço Fixo(**),4327.88055427447
464,Empregos em Endereço Fixo(*),7698.878076877884
464,Empregos na Própria Residência,4338.68451986006
464,Empregos Sem Endereço Fixo(**),4469.1641569699705
465,Empregos em Endereço Fixo(*),12300.78769244652
465,Empregos na Própria Residência,668.6441629189178
465,Empregos Sem Endereço Fixo(**),3192.4273843468122
466,Empregos em Endereço Fixo(*),35093.829341582066
466,Empregos na Própria Residência,214.78743956521762
466,Empregos Sem Endereço Fixo(**),3174.191446695655
467,Empregos em Endereço Fixo(*),7695.788846014033
467,Empregos na Própria Residência,960.5449747503268
467,Empregos Sem Endereço Fixo(**),2130.598641901797
468,Empregos em Endereço Fixo(*),28695.314212735622
468,Empregos na Própria Residência,7287.781044838646
468,Empregos Sem Endereço Fixo(**),11818.073437222001
469,Empregos em Endereço Fixo(*),633.825345855581
469,Empregos na Própria Residência,307.0486999791737
469,Empregos Sem Endereço Fixo(**),411.8428991562996
470,Empregos em Endereço Fixo(*),3633.164995102007
470,Empregos na Própria Residência,635.8054518285709
470,Empregos Sem Endereço Fixo(**),725.0249981333327
471,Empregos em Endereço Fixo(*),3143.9762233949614
471,Empregos na Própria Residência,661.3069956990291
471,Empregos Sem Endereço Fixo(**),1561.4655106778184
472,Empregos em Endereço Fixo(*),7480.744568818588
472,Empregos na Própria Residência,1779.7832510247026
472,Empregos Sem Endereço Fixo(**),4748.901709733897
473,Empregos em Endereço Fixo(*),1326.9902016349456
473,Empregos na Própria Residência,871.5496041437672
473,Empregos Sem Endereço Fixo(**),1643.0435117623047
474,Empregos em Endereço Fixo(*),1381.9786014627493
474,Empregos na Própria Residência,229.1709660625
474,Empregos Sem Endereço Fixo(**),682.1345633185977
475,Empregos em Endereço Fixo(*),5772.033571271858
475,Empregos na Própria Residência,1253.5198028658
475,Empregos Sem Endereço Fixo(**),2394.6571869870118
476,Empregos em Endereço Fixo(*),45127.68266815026
476,Empregos na Própria Residência,1257.3390877090894
476,Empregos Sem Endereço Fixo(**),3329.7870177356585
477,Empregos em Endereço Fixo(*),28886.048253360037
477,Empregos na Própria Residência,942.383329131095
477,Empregos Sem Endereço Fixo(**),997.0895700454627
478,Empregos em Endereço Fixo(*),83650.19146954105
478,Empregos na Própria Residência,0
478,Empregos Sem Endereço Fixo(**),119.2167308181818
479,Empregos em Endereço Fixo(*),6748.619071231975
479,Empregos na Própria Residência,0
479,Empregos Sem Endereço Fixo(**),0
480,Empregos em Endereço Fixo(*),4790.108345353335
480,Empregos na Própria Residência,2042.9696895630211
480,Empregos Sem Endereço Fixo(**),1696.2923010679879
481,Empregos em Endereço Fixo(*),11928.602828427302
481,Empregos na Própria Residência,747.797777384616
481,Empregos Sem Endereço Fixo(**),6942.313783736849
482,Empregos em Endereço Fixo(*),9008.914373633017
482,Empregos na Própria Residência,927.7831700940183
482,Empregos Sem Endereço Fixo(**),1201.1214427604045
483,Empregos em Endereço Fixo(*),5137.31283799475
483,Empregos na Própria Residência,0
483,Empregos Sem Endereço Fixo(**),342.319931325
484,Empregos em Endereço Fixo(*),7901.75379383307
484,Empregos na Própria Residência,4851.765771751305
484,Empregos Sem Endereço Fixo(**),6976.4257247070955
485,Empregos em Endereço Fixo(*),20950.564497304265
485,Empregos na Própria Residência,1473.137866871394
485,Empregos Sem Endereço Fixo(**),3863.6677487664338
486,Empregos em Endereço Fixo(*),10220.437019076091
486,Empregos na Própria Residência,1396.5094399166683
486,Empregos Sem Endereço Fixo(**),7334.781494979176
487,Empregos em Endereço Fixo(*),4504.945638283572
487,Empregos na Própria Residência,499.13754025531955
487,Empregos Sem Endereço Fixo(**),2845.1631875686357
488,Empregos em Endereço Fixo(*),4122.12522180293
488,Empregos na Própria Residência,2412.282289253088
488,Empregos Sem Endereço Fixo(**),1998.3625184444595
489,Empregos em Endereço Fixo(*),23443.92136950526
489,Empregos na Própria Residência,131.40075549683837
489,Empregos Sem Endereço Fixo(**),198.83314235356812
490,Empregos em Endereço Fixo(*),25563.119774515024
490,Empregos na Própria Residência,724.9145422281633
490,Empregos Sem Endereço Fixo(**),500.061187960784
491,Empregos em Endereço Fixo(*),12151.884026910735
491,Empregos na Própria Residência,496.23960465450034
491,Empregos Sem Endereço Fixo(**),3232.42361271763
492,Empregos em Endereço Fixo(*),29770.569462965585
492,Empregos na Própria Residência,908.1423426795325
492,Empregos Sem Endereço Fixo(**),4383.5309841410635
493,Empregos em Endereço Fixo(*),3184.328743828237
493,Empregos na Própria Residência,1241.6824431434316
493,Empregos Sem Endereço Fixo(**),1164.7244160195457
494,Empregos em Endereço Fixo(*),4765.7815037661285
494,Empregos na Própria Residência,854.1527605340425
494,Empregos Sem Endereço Fixo(**),2664.267991734993
495,Empregos em Endereço Fixo(*),14536.605744553559
495,Empregos na Própria Residência,3684.944982209902
495,Empregos Sem Endereço Fixo(**),6693.941113385567
496,Empregos em Endereço Fixo(*),7254.301314925761
496,Empregos na Própria Residência,570.8649174901954
496,Empregos Sem Endereço Fixo(**),8076.877993071968
497,Empregos em Endereço Fixo(*),3990.982880401928
497,Empregos na Própria Residência,315.96278664470645
497,Empregos Sem Endereço Fixo(**),553.5450002734108
498,Empregos em Endereço Fixo(*),16927.565024810672
498,Empregos na Própria Residência,100.95733151578966
498,Empregos Sem Endereço Fixo(**),286.7085074736848
499,Empregos em Endereço Fixo(*),12286.21307304734
499,Empregos na Própria Residência,3745.230647899802
499,Empregos Sem Endereço Fixo(**),4844.858226306018
500,Empregos em Endereço Fixo(*),12739.846769876685
500,Empregos na Própria Residência,705.2614399999999
500,Empregos Sem Endereço Fixo(**),2583.0214754526155
501,Empregos em Endereço Fixo(*),10638.99134444374
501,Empregos na Própria Residência,469.13519675675747
501,Empregos Sem Endereço Fixo(**),3261.532209372977
502,Empregos em Endereço Fixo(*),20735.309016036234
502,Empregos na Própria Residência,253.8258711279074
502,Empregos Sem Endereço Fixo(**),957.162981811047
503,Empregos em Endereço Fixo(*),9350.610999696086
503,Empregos na Própria Residência,124.51132930892459
503,Empregos Sem Endereço Fixo(**),244.4300605909173
504,Empregos em Endereço Fixo(*),10563.033421780978
504,Empregos na Própria Residência,7947.718215597078
504,Empregos Sem Endereço Fixo(**),3625.7372307435935
505,Empregos em Endereço Fixo(*),707.128466269727
505,Empregos na Própria Residência,371.5257053257573
505,Empregos Sem Endereço Fixo(**),284.12055481818163
506,Empregos em Endereço Fixo(*),25635.175774129984
506,Empregos na Própria Residência,1671.5975173828997
506,Empregos Sem Endereço Fixo(**),1222.5917336946509
507,Empregos em Endereço Fixo(*),24044.00851316102
507,Empregos na Própria Residência,1452.02447547285
507,Empregos Sem Endereço Fixo(**),516.5734659162824
508,Empregos em Endereço Fixo(*),34804.11248853957
508,Empregos na Própria Residência,4415.472139645301
508,Empregos Sem Endereço Fixo(**),8291.404916753996
509,Empregos em Endereço Fixo(*),556.3959999725489
509,Empregos na Própria Residência,300.56580798550704
509,Empregos Sem Endereço Fixo(**),755.7029448550722
510,Empregos em Endereço Fixo(*),52.08861421739127
510,Empregos na Própria Residência,0
510,Empregos Sem Endereço Fixo(**),0
511,Empregos em Endereço Fixo(*),7558.628012987721
511,Empregos na Própria Residência,1277.8175193277316
511,Empregos Sem Endereço Fixo(**),2336.317107943494
512,Empregos em Endereço Fixo(*),12690.707488543
512,Empregos na Própria Residência,1231.4886137993574
512,Empregos Sem Endereço Fixo(**),3884.448331410524
513,Empregos em Endereço Fixo(*),129.8114966815698
513,Empregos na Própria Residência,73.60979943914555
513,Empregos Sem Endereço Fixo(**),330.86437762940886
514,Empregos em Endereço Fixo(*),15015.263279003704
514,Empregos na Própria Residência,2744.6705947083283
514,Empregos Sem Endereço Fixo(**),8744.873792683231
515,Empregos em Endereço Fixo(*),16239.771346565365
515,Empregos na Própria Residência,2425.5724694210303
515,Empregos Sem Endereço Fixo(**),6496.609784533024
516,Empregos em Endereço Fixo(*),36320.15383369943
516,Empregos na Própria Residência,5272.3476149695525
516,Empregos Sem Endereço Fixo(**),6655.22945581216
517,Empregos em Endereço Fixo(*),2822.8471250107905
517,Empregos na Própria Residência,797.975445262987
517,Empregos Sem Endereço Fixo(**),1521.8672163571432
